file,num_qubits,num_gates,num_cx,num_measure,num_u1,num_u2,num_u3,depth
instructions_T02_idx001_x0_2.qasm,80,3090,1472,16,1453,120,29,391
instructions_T02_idx002_x0_0_x1_1.qasm,120,6759,3291,22,3231,148,67,1962
instructions_T04_idx001_x0_4.qasm,112,6164,2944,16,2889,240,75,629
instructions_T04_idx002_x0_2_x1_1.qasm,152,9821,4763,22,4669,268,99,2142
instructions_T04_idx003_x0_0_x1_2.qasm,136,9426,4618,22,4538,180,68,3488
instructions_T04_idx004_x0_0_x2_1.qasm,184,10866,5274,33,5153,270,136,2311
instructions_T06_idx001_x0_6.qasm,144,9238,4416,16,4325,360,121,867
instructions_T06_idx002_x0_4_x1_1.qasm,184,12895,6235,22,6105,388,145,2380
instructions_T06_idx003_x0_2_x1_2.qasm,168,12488,6090,22,5976,300,100,3668
instructions_T06_idx004_x0_2_x2_1.qasm,216,13929,6746,33,6592,390,168,2491
instructions_T06_idx005_x0_0_x1_3.qasm,152,12093,5945,22,5845,212,69,5015
instructions_T06_idx006_x0_0_x1_1_x2_1.qasm,412,28599,13903,66,13579,708,343,4580
instructions_T06_idx007_x0_0_x3_1.qasm,250,15004,7270,44,7089,396,205,2661
instructions_T08_idx001_x0_8.qasm,176,12312,5888,16,5761,480,167,1105
instructions_T08_idx002_x0_6_x1_1.qasm,216,15969,7707,22,7541,508,191,2618
instructions_T08_idx003_x0_4_x1_2.qasm,200,15562,7562,22,7412,420,146,3906
instructions_T08_idx004_x0_4_x2_1.qasm,248,17003,8218,33,8028,510,214,2729
instructions_T08_idx005_x0_2_x1_3.qasm,184,15155,7417,22,7283,332,101,5195
instructions_T08_idx006_x0_2_x1_1_x2_1.qasm,444,31661,15375,66,15017,828,375,4760
instructions_T08_idx007_x0_2_x3_1.qasm,282,18066,8742,44,8527,516,237,2841
instructions_T08_idx008_x0_0_x1_4.qasm,168,14760,7272,22,7152,244,70,6542
instructions_T08_idx009_x0_0_x1_2_x2_1.qasm,428,31266,15230,66,14886,740,344,6107
instructions_T08_idx010_x0_0_x1_1_x3_1.qasm,548,36926,17917,88,17472,968,481,4953
instructions_T08_idx011_x0_0_x2_2.qasm,201,13547,6607,33,6466,304,137,3791
instructions_T08_idx012_x0_0_x4_1.qasm,318,19168,9277,55,9036,526,274,3014
instructions_T10_idx001_x0_10.qasm,208,15386,7360,16,7197,600,213,1343
instructions_T10_idx002_x0_8_x1_1.qasm,248,19043,9179,22,8977,628,237,2856
instructions_T10_idx003_x0_6_x1_2.qasm,232,18636,9034,22,8848,540,192,4144
instructions_T10_idx004_x0_6_x2_1.qasm,280,20077,9690,33,9464,630,260,2967
instructions_T10_idx005_x0_4_x1_3.qasm,216,18229,8889,22,8719,452,147,5433
instructions_T10_idx006_x0_4_x1_1_x2_1.qasm,476,34735,16847,66,16453,948,421,4998
instructions_T10_idx007_x0_4_x3_1.qasm,314,21140,10214,44,9963,636,283,3079
instructions_T10_idx008_x0_2_x1_4.qasm,200,17822,8744,22,8590,364,102,6722
instructions_T10_idx009_x0_2_x1_2_x2_1.qasm,460,34328,16702,66,16324,860,376,6287
instructions_T10_idx010_x0_2_x1_1_x3_1.qasm,580,39988,19389,88,18910,1088,513,5133
instructions_T10_idx011_x0_2_x2_2.qasm,233,16610,8079,33,7905,424,169,3971
instructions_T10_idx012_x0_2_x4_1.qasm,350,22230,10749,55,10474,646,306,3194
instructions_T10_idx013_x0_0_x1_5.qasm,184,17427,8599,22,8459,276,71,8069
instructions_T10_idx014_x0_0_x1_3_x2_1.qasm,444,33933,16557,66,16193,772,345,7634
instructions_T10_idx015_x0_0_x1_2_x3_1.qasm,564,39593,19244,88,18779,1000,482,6480
instructions_T10_idx016_x0_0_x1_1_x2_2.qasm,448,33989,16581,66,16217,780,345,6070
instructions_T10_idx017_x0_0_x1_1_x4_1.qasm,688,45312,21957,110,21390,1236,619,5327
instructions_T10_idx018_x0_0_x2_1_x3_1.qasm,840,56322,27300,132,26605,1528,757,6915
instructions_T10_idx019_x0_0_x5_1.qasm,388,23361,11297,66,10995,660,343,3368
instructions_T12_idx001_x0_12.qasm,240,18460,8832,16,8633,720,259,1581
instructions_T12_idx002_x0_10_x1_1.qasm,280,22117,10651,22,10413,748,283,3094
instructions_T12_idx003_x0_8_x1_2.qasm,264,21710,10506,22,10284,660,238,4382
instructions_T12_idx004_x0_8_x2_1.qasm,312,23151,11162,33,10900,750,306,3205
instructions_T12_idx005_x0_6_x1_3.qasm,248,21303,10361,22,10155,572,193,5671
instructions_T12_idx006_x0_6_x1_1_x2_1.qasm,508,37809,18319,66,17889,1068,467,5236
instructions_T12_idx007_x0_6_x3_1.qasm,346,24214,11686,44,11399,756,329,3317
instructions_T12_idx008_x0_4_x1_4.qasm,232,20896,10216,22,10026,484,148,6960
instructions_T12_idx009_x0_4_x1_2_x2_1.qasm,492,37402,18174,66,17760,980,422,6525
instructions_T12_idx010_x0_4_x1_1_x3_1.qasm,612,43062,20861,88,20346,1208,559,5371
instructions_T12_idx011_x0_4_x2_2.qasm,265,19684,9551,33,9341,544,215,4209
instructions_T12_idx012_x0_4_x4_1.qasm,382,25304,12221,55,11910,766,352,3432
instructions_T12_idx013_x0_2_x1_5.qasm,216,20489,10071,22,9897,396,103,8249
instructions_T12_idx014_x0_2_x1_3_x2_1.qasm,476,36995,18029,66,17631,892,377,7814
instructions_T12_idx015_x0_2_x1_2_x3_1.qasm,596,42655,20716,88,20217,1120,514,6660
instructions_T12_idx016_x0_2_x1_1_x2_2.qasm,480,37051,18053,66,17655,900,377,6250
instructions_T12_idx017_x0_2_x1_1_x4_1.qasm,720,48374,23429,110,22828,1356,651,5507
instructions_T12_idx018_x0_2_x2_1_x3_1.qasm,872,59385,28772,132,28044,1648,789,7095
instructions_T12_idx019_x0_2_x5_1.qasm,420,26423,12769,66,12433,780,375,3548
instructions_T12_idx020_x0_0_x1_6.qasm,200,20094,9926,22,9766,308,72,9596
instructions_T12_idx021_x0_0_x1_4_x2_1.qasm,460,36600,17884,66,17500,804,346,9161
instructions_T12_idx022_x0_0_x1_3_x3_1.qasm,580,42260,20571,88,20086,1032,483,8007
instructions_T12_idx023_x0_0_x1_2_x2_2.qasm,464,36656,17908,66,17524,812,346,7597
instructions_T12_idx024_x0_0_x1_2_x4_1.qasm,704,47979,23284,110,22697,1268,620,6854
instructions_T12_idx025_x0_0_x1_1_x2_1_x3_1.qasm,1766,120097,58207,264,56733,3308,1585,9396
instructions_T12_idx026_x0_0_x1_1_x5_1.qasm,832,53755,26021,132,25333,1512,757,5701
instructions_T12_idx027_x0_0_x2_3.qasm,218,16228,7940,33,7779,338,138,5271
instructions_T12_idx028_x0_0_x2_1_x4_1.qasm,1054,68957,33384,165,32506,1938,964,7623
instructions_T12_idx029_x0_0_x3_2.qasm,268,17699,8609,44,8408,432,206,4141
instructions_T12_idx030_x0_0_x6_1.qasm,460,27582,13329,77,12966,798,412,3722
instructions_T14_idx001_x0_14.qasm,272,21534,10304,16,10069,840,305,1819
instructions_T14_idx002_x0_12_x1_1.qasm,312,25191,12123,22,11849,868,329,3332
instructions_T14_idx003_x0_10_x1_2.qasm,296,24784,11978,22,11720,780,284,4620
instructions_T14_idx004_x0_10_x2_1.qasm,344,26225,12634,33,12336,870,352,3443
instructions_T14_idx005_x0_8_x1_3.qasm,280,24377,11833,22,11591,692,239,5909
instructions_T14_idx006_x0_8_x1_1_x2_1.qasm,540,40883,19791,66,19325,1188,513,5474
instructions_T14_idx007_x0_8_x3_1.qasm,378,27288,13158,44,12835,876,375,3555
instructions_T14_idx008_x0_6_x1_4.qasm,264,23970,11688,22,11462,604,194,7198
instructions_T14_idx009_x0_6_x1_2_x2_1.qasm,524,40476,19646,66,19196,1100,468,6763
instructions_T14_idx010_x0_6_x1_1_x3_1.qasm,644,46136,22333,88,21782,1328,605,5609
instructions_T14_idx011_x0_6_x2_2.qasm,297,22758,11023,33,10777,664,261,4447
instructions_T14_idx012_x0_6_x4_1.qasm,414,28378,13693,55,13346,886,398,3670
instructions_T14_idx013_x0_4_x1_5.qasm,248,23563,11543,22,11333,516,149,8487
instructions_T14_idx014_x0_4_x1_3_x2_1.qasm,508,40069,19501,66,19067,1012,423,8052
instructions_T14_idx015_x0_4_x1_2_x3_1.qasm,628,45729,22188,88,21653,1240,560,6898
instructions_T14_idx016_x0_4_x1_1_x2_2.qasm,512,40125,19525,66,19091,1020,423,6488
instructions_T14_idx017_x0_4_x1_1_x4_1.qasm,752,51448,24901,110,24264,1476,697,5745
instructions_T14_idx018_x0_4_x2_1_x3_1.qasm,904,62459,30244,132,29480,1768,835,7333
instructions_T14_idx019_x0_4_x5_1.qasm,452,29497,14241,66,13869,900,421,3786
instructions_T14_idx020_x0_2_x1_6.qasm,232,23156,11398,22,11204,428,104,9776
instructions_T14_idx021_x0_2_x1_4_x2_1.qasm,492,39662,19356,66,18938,924,378,9341
instructions_T14_idx022_x0_2_x1_3_x3_1.qasm,612,45322,22043,88,21524,1152,515,8187
instructions_T14_idx023_x0_2_x1_2_x2_2.qasm,496,39718,19380,66,18962,932,378,7777
instructions_T14_idx024_x0_2_x1_2_x4_1.qasm,736,51041,24756,110,24135,1388,652,7034
instructions_T14_idx025_x0_2_x1_1_x2_1_x3_1.qasm,1798,123159,59679,264,58171,3428,1617,9576
instructions_T14_idx026_x0_2_x1_1_x5_1.qasm,864,56817,27493,132,26771,1632,789,5881
instructions_T14_idx027_x0_2_x2_3.qasm,250,19291,9412,33,9218,458,170,5451
instructions_T14_idx028_x0_2_x2_1_x4_1.qasm,1086,72020,34856,165,33945,2058,996,7803
instructions_T14_idx029_x0_2_x3_2.qasm,300,20761,10081,44,9846,552,238,4321
instructions_T14_idx030_x0_2_x6_1.qasm,492,30644,14801,77,14404,918,444,3902
instructions_T14_idx031_x0_0_x1_7.qasm,216,22761,11253,22,11073,340,73,11123
instructions_T14_idx032_x0_0_x1_5_x2_1.qasm,476,39267,19211,66,18807,836,347,10688
instructions_T14_idx033_x0_0_x1_4_x3_1.qasm,596,44927,21898,88,21393,1064,484,9534
instructions_T14_idx034_x0_0_x1_3_x2_2.qasm,480,39323,19235,66,18831,844,347,9124
instructions_T14_idx035_x0_0_x1_3_x4_1.qasm,720,50646,24611,110,24004,1300,621,8381
instructions_T14_idx036_x0_0_x1_2_x2_1_x3_1.qasm,1782,122764,59534,264,58040,3340,1586,10923
instructions_T14_idx037_x0_0_x1_2_x5_1.qasm,848,56422,27348,132,26640,1544,758,7228
instructions_T14_idx038_x0_0_x1_1_x2_3.qasm,484,39379,19259,66,18855,852,347,7560
instructions_T14_idx039_x0_0_x1_1_x2_1_x4_1.qasm,2206,145540,70453,330,68606,4152,1999,10166
instructions_T14_idx040_x0_0_x1_1_x3_2.qasm,586,42343,20607,88,20121,1044,483,6443
instructions_T14_idx041_x0_0_x1_1_x6_1.qasm,980,62255,30111,154,29299,1796,895,6076
instructions_T14_idx042_x0_0_x2_2_x3_1.qasm,857,59003,28633,132,27918,1562,758,6915
instructions_T14_idx043_x0_0_x2_1_x5_1.qasm,1274,81681,39507,198,38445,2360,1171,8333
instructions_T14_idx044_x0_0_x3_1_x4_1.qasm,1431,92760,44880,220,43689,2662,1309,10635
instructions_T14_idx045_x0_0_x7_1.qasm,534,31831,15374,88,14948,940,481,4077
instructions_T16_idx001_x0_16.qasm,304,24608,11776,16,11505,960,351,2057
instructions_T16_idx002_x0_14_x1_1.qasm,344,28265,13595,22,13285,988,375,3570
instructions_T16_idx003_x0_12_x1_2.qasm,328,27858,13450,22,13156,900,330,4858
instructions_T16_idx004_x0_12_x2_1.qasm,376,29299,14106,33,13772,990,398,3681
instructions_T16_idx005_x0_10_x1_3.qasm,312,27451,13305,22,13027,812,285,6147
instructions_T16_idx006_x0_10_x1_1_x2_1.qasm,572,43957,21263,66,20761,1308,559,5712
instructions_T16_idx007_x0_10_x3_1.qasm,410,30362,14630,44,14271,996,421,3793
instructions_T16_idx008_x0_8_x1_4.qasm,296,27044,13160,22,12898,724,240,7436
instructions_T16_idx009_x0_8_x1_2_x2_1.qasm,556,43550,21118,66,20632,1220,514,7001
instructions_T16_idx010_x0_8_x1_1_x3_1.qasm,676,49210,23805,88,23218,1448,651,5847
instructions_T16_idx011_x0_8_x2_2.qasm,329,25832,12495,33,12213,784,307,4685
instructions_T16_idx012_x0_8_x4_1.qasm,446,31452,15165,55,14782,1006,444,3908
instructions_T16_idx013_x0_6_x1_5.qasm,280,26637,13015,22,12769,636,195,8725
instructions_T16_idx014_x0_6_x1_3_x2_1.qasm,540,43143,20973,66,20503,1132,469,8290
instructions_T16_idx015_x0_6_x1_2_x3_1.qasm,660,48803,23660,88,23089,1360,606,7136
instructions_T16_idx016_x0_6_x1_1_x2_2.qasm,544,43199,20997,66,20527,1140,469,6726
instructions_T16_idx017_x0_6_x1_1_x4_1.qasm,784,54522,26373,110,25700,1596,743,5983
instructions_T16_idx018_x0_6_x2_1_x3_1.qasm,936,65533,31716,132,30916,1888,881,7571
instructions_T16_idx019_x0_6_x5_1.qasm,484,32571,15713,66,15305,1020,467,4024
instructions_T16_idx020_x0_4_x1_6.qasm,264,26230,12870,22,12640,548,150,10014
instructions_T16_idx021_x0_4_x1_4_x2_1.qasm,524,42736,20828,66,20374,1044,424,9579
instructions_T16_idx022_x0_4_x1_3_x3_1.qasm,644,48396,23515,88,22960,1272,561,8425
instructions_T16_idx023_x0_4_x1_2_x2_2.qasm,528,42792,20852,66,20398,1052,424,8015
instructions_T16_idx024_x0_4_x1_2_x4_1.qasm,768,54115,26228,110,25571,1508,698,7272
instructions_T16_idx025_x0_4_x1_1_x2_1_x3_1.qasm,1830,126233,61151,264,59607,3548,1663,9814
instructions_T16_idx026_x0_4_x1_1_x5_1.qasm,896,59891,28965,132,28207,1752,835,6119
instructions_T16_idx027_x0_4_x2_3.qasm,282,22365,10884,33,10654,578,216,5689
instructions_T16_idx028_x0_4_x2_1_x4_1.qasm,1118,75094,36328,165,35381,2178,1042,8041
instructions_T16_idx029_x0_4_x3_2.qasm,332,23835,11553,44,11282,672,284,4559
instructions_T16_idx030_x0_4_x6_1.qasm,524,33718,16273,77,15840,1038,490,4140
instructions_T16_idx031_x0_2_x1_7.qasm,248,25823,12725,22,12511,460,105,11303
instructions_T16_idx032_x0_2_x1_5_x2_1.qasm,508,42329,20683,66,20245,956,379,10868
instructions_T16_idx033_x0_2_x1_4_x3_1.qasm,628,47989,23370,88,22831,1184,516,9714
instructions_T16_idx034_x0_2_x1_3_x2_2.qasm,512,42385,20707,66,20269,964,379,9304
instructions_T16_idx035_x0_2_x1_3_x4_1.qasm,752,53708,26083,110,25442,1420,653,8561
instructions_T16_idx036_x0_2_x1_2_x2_1_x3_1.qasm,1814,125826,61006,264,59478,3460,1618,11103
instructions_T16_idx037_x0_2_x1_2_x5_1.qasm,880,59484,28820,132,28078,1664,790,7408
instructions_T16_idx038_x0_2_x1_1_x2_3.qasm,516,42441,20731,66,20293,972,379,7740
instructions_T16_idx039_x0_2_x1_1_x2_1_x4_1.qasm,2238,148602,71925,330,70044,4272,2031,10346
instructions_T16_idx040_x0_2_x1_1_x3_2.qasm,618,45405,22079,88,21559,1164,515,6623
instructions_T16_idx041_x0_2_x1_1_x6_1.qasm,1012,65317,31583,154,30737,1916,927,6256
instructions_T16_idx042_x0_2_x2_2_x3_1.qasm,889,62066,30105,132,29357,1682,790,7095
instructions_T16_idx043_x0_2_x2_1_x5_1.qasm,1306,84744,40979,198,39884,2480,1203,8513
instructions_T16_idx044_x0_2_x3_1_x4_1.qasm,1463,95822,46352,220,45127,2782,1341,10815
instructions_T16_idx045_x0_2_x7_1.qasm,566,34894,16846,88,16387,1060,513,4257
instructions_T16_idx046_x0_0_x1_8.qasm,232,25428,12580,22,12380,372,74,12650
instructions_T16_idx047_x0_0_x1_6_x2_1.qasm,492,41934,20538,66,20114,868,348,12215
instructions_T16_idx048_x0_0_x1_5_x3_1.qasm,612,47594,23225,88,22700,1096,485,11061
instructions_T16_idx049_x0_0_x1_4_x2_2.qasm,496,41990,20562,66,20138,876,348,10651
instructions_T16_idx050_x0_0_x1_4_x4_1.qasm,736,53313,25938,110,25311,1332,622,9908
instructions_T16_idx051_x0_0_x1_3_x2_1_x3_1.qasm,1798,125431,60861,264,59347,3372,1587,12450
instructions_T16_idx052_x0_0_x1_3_x5_1.qasm,864,59089,28675,132,27947,1576,759,8755
instructions_T16_idx053_x0_0_x1_2_x2_3.qasm,500,42046,20586,66,20162,884,348,9087
instructions_T16_idx054_x0_0_x1_2_x2_1_x4_1.qasm,2222,148207,71780,330,69913,4184,2000,11693
instructions_T16_idx055_x0_0_x1_2_x3_2.qasm,602,45010,21934,88,21428,1076,484,7970
instructions_T16_idx056_x0_0_x1_2_x6_1.qasm,996,64922,31438,154,30606,1828,896,7603
instructions_T16_idx057_x0_0_x1_1_x2_2_x3_1.qasm,1802,125487,60885,264,59371,3380,1587,9406
instructions_T16_idx058_x0_0_x1_1_x2_1_x5_1.qasm,2658,171145,82759,396,80557,5020,2413,10940
instructions_T16_idx059_x0_0_x1_1_x3_1_x4_1.qasm,2982,193446,93569,440,91104,5644,2689,13296
instructions_T16_idx060_x0_0_x1_1_x7_1.qasm,1132,70807,34221,176,33289,2088,1033,6453
instructions_T16_idx061_x0_0_x2_4.qasm,235,18909,9273,33,9092,372,139,6751
instructions_T16_idx062_x0_0_x2_2_x4_1.qasm,1071,71638,34717,165,33819,1972,965,7623
instructions_T16_idx063_x0_0_x2_1_x3_2.qasm,899,64476,31347,132,30591,1646,760,8395
instructions_T16_idx064_x0_0_x2_1_x6_1.qasm,1500,94481,45660,231,44418,2794,1378,9047
instructions_T16_idx065_x0_0_x3_1_x5_1.qasm,1729,109784,53064,264,51637,3234,1585,11706
instructions_T16_idx066_x0_0_x4_2.qasm,337,21876,10622,55,10360,564,275,4494
instructions_T16_idx067_x0_0_x8_1.qasm,610,36108,17429,99,16944,1086,550,4434
instructions_T18_idx001_x0_18.qasm,336,27682,13248,16,12941,1080,397,2295
instructions_T18_idx002_x0_16_x1_1.qasm,376,31339,15067,22,14721,1108,421,3808
instructions_T18_idx003_x0_14_x1_2.qasm,360,30932,14922,22,14592,1020,376,5096
instructions_T18_idx004_x0_14_x2_1.qasm,408,32373,15578,33,15208,1110,444,3919
instructions_T18_idx005_x0_12_x1_3.qasm,344,30525,14777,22,14463,932,331,6385
instructions_T18_idx006_x0_12_x1_1_x2_1.qasm,604,47031,22735,66,22197,1428,605,5950
instructions_T18_idx007_x0_12_x3_1.qasm,442,33436,16102,44,15707,1116,467,4031
instructions_T18_idx008_x0_10_x1_4.qasm,328,30118,14632,22,14334,844,286,7674
instructions_T18_idx009_x0_10_x1_2_x2_1.qasm,588,46624,22590,66,22068,1340,560,7239
instructions_T18_idx010_x0_10_x1_1_x3_1.qasm,708,52284,25277,88,24654,1568,697,6085
instructions_T18_idx011_x0_10_x2_2.qasm,361,28906,13967,33,13649,904,353,4923
instructions_T18_idx012_x0_10_x4_1.qasm,478,34526,16637,55,16218,1126,490,4146
instructions_T18_idx013_x0_8_x1_5.qasm,312,29711,14487,22,14205,756,241,8963
instructions_T18_idx014_x0_8_x1_3_x2_1.qasm,572,46217,22445,66,21939,1252,515,8528
instructions_T18_idx015_x0_8_x1_2_x3_1.qasm,692,51877,25132,88,24525,1480,652,7374
instructions_T18_idx016_x0_8_x1_1_x2_2.qasm,576,46273,22469,66,21963,1260,515,6964
instructions_T18_idx017_x0_8_x1_1_x4_1.qasm,816,57596,27845,110,27136,1716,789,6221
instructions_T18_idx018_x0_8_x2_1_x3_1.qasm,968,68607,33188,132,32352,2008,927,7809
instructions_T18_idx019_x0_8_x5_1.qasm,516,35645,17185,66,16741,1140,513,4262
instructions_T18_idx020_x0_6_x1_6.qasm,296,29304,14342,22,14076,668,196,10252
instructions_T18_idx021_x0_6_x1_4_x2_1.qasm,556,45810,22300,66,21810,1164,470,9817
instructions_T18_idx022_x0_6_x1_3_x3_1.qasm,676,51470,24987,88,24396,1392,607,8663
instructions_T18_idx023_x0_6_x1_2_x2_2.qasm,560,45866,22324,66,21834,1172,470,8253
instructions_T18_idx024_x0_6_x1_2_x4_1.qasm,800,57189,27700,110,27007,1628,744,7510
instructions_T18_idx025_x0_6_x1_1_x2_1_x3_1.qasm,1862,129307,62623,264,61043,3668,1709,10052
instructions_T18_idx026_x0_6_x1_1_x5_1.qasm,928,62965,30437,132,29643,1872,881,6357
instructions_T18_idx027_x0_6_x2_3.qasm,314,25439,12356,33,12090,698,262,5927
instructions_T18_idx028_x0_6_x2_1_x4_1.qasm,1150,78168,37800,165,36817,2298,1088,8279
instructions_T18_idx029_x0_6_x3_2.qasm,364,26909,13025,44,12718,792,330,4797
instructions_T18_idx030_x0_6_x6_1.qasm,556,36792,17745,77,17276,1158,536,4378
instructions_T18_idx031_x0_4_x1_7.qasm,280,28897,14197,22,13947,580,151,11541
instructions_T18_idx032_x0_4_x1_5_x2_1.qasm,540,45403,22155,66,21681,1076,425,11106
instructions_T18_idx033_x0_4_x1_4_x3_1.qasm,660,51063,24842,88,24267,1304,562,9952
instructions_T18_idx034_x0_4_x1_3_x2_2.qasm,544,45459,22179,66,21705,1084,425,9542
instructions_T18_idx035_x0_4_x1_3_x4_1.qasm,784,56782,27555,110,26878,1540,699,8799
instructions_T18_idx036_x0_4_x1_2_x2_1_x3_1.qasm,1846,128900,62478,264,60914,3580,1664,11341
instructions_T18_idx037_x0_4_x1_2_x5_1.qasm,912,62558,30292,132,29514,1784,836,7646
instructions_T18_idx038_x0_4_x1_1_x2_3.qasm,548,45515,22203,66,21729,1092,425,7978
instructions_T18_idx039_x0_4_x1_1_x2_1_x4_1.qasm,2270,151676,73397,330,71480,4392,2077,10584
instructions_T18_idx040_x0_4_x1_1_x3_2.qasm,650,48479,23551,88,22995,1284,561,6861
instructions_T18_idx041_x0_4_x1_1_x6_1.qasm,1044,68391,33055,154,32173,2036,973,6494
instructions_T18_idx042_x0_4_x2_2_x3_1.qasm,921,65140,31577,132,30793,1802,836,7333
instructions_T18_idx043_x0_4_x2_1_x5_1.qasm,1338,87818,42451,198,41320,2600,1249,8751
instructions_T18_idx044_x0_4_x3_1_x4_1.qasm,1495,98896,47824,220,46563,2902,1387,11053
instructions_T18_idx045_x0_4_x7_1.qasm,598,37968,18318,88,17823,1180,559,4495
instructions_T18_idx046_x0_2_x1_8.qasm,264,28490,14052,22,13818,492,106,12830
instructions_T18_idx047_x0_2_x1_6_x2_1.qasm,524,44996,22010,66,21552,988,380,12395
instructions_T18_idx048_x0_2_x1_5_x3_1.qasm,644,50656,24697,88,24138,1216,517,11241
instructions_T18_idx049_x0_2_x1_4_x2_2.qasm,528,45052,22034,66,21576,996,380,10831
instructions_T18_idx050_x0_2_x1_4_x4_1.qasm,768,56375,27410,110,26749,1452,654,10088
instructions_T18_idx051_x0_2_x1_3_x2_1_x3_1.qasm,1830,128493,62333,264,60785,3492,1619,12630
instructions_T18_idx052_x0_2_x1_3_x5_1.qasm,896,62151,30147,132,29385,1696,791,8935
instructions_T18_idx053_x0_2_x1_2_x2_3.qasm,532,45108,22058,66,21600,1004,380,9267
instructions_T18_idx054_x0_2_x1_2_x2_1_x4_1.qasm,2254,151269,73252,330,71351,4304,2032,11873
instructions_T18_idx055_x0_2_x1_2_x3_2.qasm,634,48072,23406,88,22866,1196,516,8150
instructions_T18_idx056_x0_2_x1_2_x6_1.qasm,1028,67984,32910,154,32044,1948,928,7783
instructions_T18_idx057_x0_2_x1_1_x2_2_x3_1.qasm,1834,128549,62357,264,60809,3500,1619,9586
instructions_T18_idx058_x0_2_x1_1_x2_1_x5_1.qasm,2690,174207,84231,396,81995,5140,2445,11120
instructions_T18_idx059_x0_2_x1_1_x3_1_x4_1.qasm,3014,196508,95041,440,92542,5764,2721,13476
instructions_T18_idx060_x0_2_x1_1_x7_1.qasm,1164,73869,35693,176,34727,2208,1065,6633
instructions_T18_idx061_x0_2_x2_4.qasm,267,21972,10745,33,10531,492,171,6931
instructions_T18_idx062_x0_2_x2_2_x4_1.qasm,1103,74701,36189,165,35258,2092,997,7803
instructions_T18_idx063_x0_2_x2_1_x3_2.qasm,931,67539,32819,132,32030,1766,792,8575
instructions_T18_idx064_x0_2_x2_1_x6_1.qasm,1532,97544,47132,231,45857,2914,1410,9227
instructions_T18_idx065_x0_2_x3_1_x5_1.qasm,1761,112846,54536,264,53075,3354,1617,11886
instructions_T18_idx066_x0_2_x4_2.qasm,369,24938,12094,55,11798,684,307,4674
instructions_T18_idx067_x0_2_x8_1.qasm,642,39169,18901,99,18381,1206,582,4614
instructions_T18_idx068_x0_0_x1_9.qasm,248,28095,13907,22,13687,404,75,14177
instructions_T18_idx069_x0_0_x1_7_x2_1.qasm,508,44601,21865,66,21421,900,349,13742
instructions_T18_idx070_x0_0_x1_6_x3_1.qasm,628,50261,24552,88,24007,1128,486,12588
instructions_T18_idx071_x0_0_x1_5_x2_2.qasm,512,44657,21889,66,21445,908,349,12178
instructions_T18_idx072_x0_0_x1_5_x4_1.qasm,752,55980,27265,110,26618,1364,623,11435
instructions_T18_idx073_x0_0_x1_4_x2_1_x3_1.qasm,1814,128098,62188,264,60654,3404,1588,13977
instructions_T18_idx074_x0_0_x1_4_x5_1.qasm,880,61756,30002,132,29254,1608,760,10282
instructions_T18_idx075_x0_0_x1_3_x2_3.qasm,516,44713,21913,66,21469,916,349,10614
instructions_T18_idx076_x0_0_x1_3_x2_1_x4_1.qasm,2238,150874,73107,330,71220,4216,2001,13220
instructions_T18_idx077_x0_0_x1_3_x3_2.qasm,618,47677,23261,88,22735,1108,485,9497
instructions_T18_idx078_x0_0_x1_3_x6_1.qasm,1012,67589,32765,154,31913,1860,897,9130
instructions_T18_idx079_x0_0_x1_2_x2_2_x3_1.qasm,1818,128154,62212,264,60678,3412,1588,10933
instructions_T18_idx080_x0_0_x1_2_x2_1_x5_1.qasm,2674,173812,84086,396,81864,5052,2414,12467
instructions_T18_idx081_x0_0_x1_2_x3_1_x4_1.qasm,2998,196113,94896,440,92411,5676,2690,14823
instructions_T18_idx082_x0_0_x1_2_x7_1.qasm,1148,73474,35548,176,34596,2120,1034,7980
instructions_T18_idx083_x0_0_x1_1_x2_4.qasm,520,44768,21937,66,21492,924,349,9050
instructions_T18_idx084_x0_0_x1_1_x2_2_x4_1.qasm,2242,150931,73131,330,71245,4224,2001,10176
instructions_T18_idx085_x0_0_x1_1_x2_1_x3_2.qasm,1890,136491,66337,264,64743,3556,1591,10906
instructions_T18_idx086_x0_0_x1_1_x2_1_x6_1.qasm,3122,196919,95143,462,92575,5912,2827,11716
instructions_T18_idx087_x0_0_x1_1_x3_1_x5_1.qasm,3594,227724,110041,528,107094,6820,3241,14450
instructions_T18_idx088_x0_0_x1_1_x4_2.qasm,728,50758,24659,110,24052,1316,621,6817
instructions_T18_idx089_x0_0_x1_1_x8_1.qasm,1288,79415,38357,198,37301,2388,1171,6831
instructions_T18_idx090_x0_0_x2_3_x3_1.qasm,874,61684,29966,132,29231,1596,759,7738
instructions_T18_idx091_x0_0_x2_2_x5_1.qasm,1291,84362,40840,198,39758,2394,1172,8333
instructions_T18_idx092_x0_0_x2_1_x3_1_x4_1.qasm,4563,292110,141210,660,137485,8686,4069,22905
instructions_T18_idx093_x0_0_x2_1_x7_1.qasm,1732,107368,51852,264,50427,3240,1585,9763
instructions_T18_idx094_x0_0_x3_3.qasm,286,20394,9948,44,9727,468,207,5621
instructions_T18_idx095_x0_0_x3_1_x6_1.qasm,2035,126920,61300,308,59629,3822,1861,12780
instructions_T18_idx096_x0_0_x4_1_x5_1.qasm,2197,138075,66706,330,64906,4134,1999,15090
instructions_T18_idx097_x0_0_x9_1.qasm,688,40413,19497,110,18951,1236,619,4792
instructions_T20_idx001_x0_20.qasm,368,30756,14720,16,14377,1200,443,2533
instructions_T20_idx002_x0_18_x1_1.qasm,408,34413,16539,22,16157,1228,467,4046
instructions_T20_idx003_x0_16_x1_2.qasm,392,34006,16394,22,16028,1140,422,5334
instructions_T20_idx004_x0_16_x2_1.qasm,440,35447,17050,33,16644,1230,490,4157
instructions_T20_idx005_x0_14_x1_3.qasm,376,33599,16249,22,15899,1052,377,6623
instructions_T20_idx006_x0_14_x1_1_x2_1.qasm,636,50105,24207,66,23633,1548,651,6188
instructions_T20_idx007_x0_14_x3_1.qasm,474,36510,17574,44,17143,1236,513,4269
instructions_T20_idx008_x0_12_x1_4.qasm,360,33192,16104,22,15770,964,332,7912
instructions_T20_idx009_x0_12_x1_2_x2_1.qasm,620,49698,24062,66,23504,1460,606,7477
instructions_T20_idx010_x0_12_x1_1_x3_1.qasm,740,55358,26749,88,26090,1688,743,6323
instructions_T20_idx011_x0_12_x2_2.qasm,393,31980,15439,33,15085,1024,399,5161
instructions_T20_idx012_x0_12_x4_1.qasm,510,37600,18109,55,17654,1246,536,4384
instructions_T20_idx013_x0_10_x1_5.qasm,344,32785,15959,22,15641,876,287,9201
instructions_T20_idx014_x0_10_x1_3_x2_1.qasm,604,49291,23917,66,23375,1372,561,8766
instructions_T20_idx015_x0_10_x1_2_x3_1.qasm,724,54951,26604,88,25961,1600,698,7612
instructions_T20_idx016_x0_10_x1_1_x2_2.qasm,608,49347,23941,66,23399,1380,561,7202
instructions_T20_idx017_x0_10_x1_1_x4_1.qasm,848,60670,29317,110,28572,1836,835,6459
instructions_T20_idx018_x0_10_x2_1_x3_1.qasm,1000,71681,34660,132,33788,2128,973,8047
instructions_T20_idx019_x0_10_x5_1.qasm,548,38719,18657,66,18177,1260,559,4500
instructions_T20_idx020_x0_8_x1_6.qasm,328,32378,15814,22,15512,788,242,10490
instructions_T20_idx021_x0_8_x1_4_x2_1.qasm,588,48884,23772,66,23246,1284,516,10055
instructions_T20_idx022_x0_8_x1_3_x3_1.qasm,708,54544,26459,88,25832,1512,653,8901
instructions_T20_idx023_x0_8_x1_2_x2_2.qasm,592,48940,23796,66,23270,1292,516,8491
instructions_T20_idx024_x0_8_x1_2_x4_1.qasm,832,60263,29172,110,28443,1748,790,7748
instructions_T20_idx025_x0_8_x1_1_x2_1_x3_1.qasm,1894,132381,64095,264,62479,3788,1755,10290
instructions_T20_idx026_x0_8_x1_1_x5_1.qasm,960,66039,31909,132,31079,1992,927,6595
instructions_T20_idx027_x0_8_x2_3.qasm,346,28513,13828,33,13526,818,308,6165
instructions_T20_idx028_x0_8_x2_1_x4_1.qasm,1182,81242,39272,165,38253,2418,1134,8517
instructions_T20_idx029_x0_8_x3_2.qasm,396,29983,14497,44,14154,912,376,5035
instructions_T20_idx030_x0_8_x6_1.qasm,588,39866,19217,77,18712,1278,582,4616
instructions_T20_idx031_x0_6_x1_7.qasm,312,31971,15669,22,15383,700,197,11779
instructions_T20_idx032_x0_6_x1_5_x2_1.qasm,572,48477,23627,66,23117,1196,471,11344
instructions_T20_idx033_x0_6_x1_4_x3_1.qasm,692,54137,26314,88,25703,1424,608,10190
instructions_T20_idx034_x0_6_x1_3_x2_2.qasm,576,48533,23651,66,23141,1204,471,9780
instructions_T20_idx035_x0_6_x1_3_x4_1.qasm,816,59856,29027,110,28314,1660,745,9037
instructions_T20_idx036_x0_6_x1_2_x2_1_x3_1.qasm,1878,131974,63950,264,62350,3700,1710,11579
instructions_T20_idx037_x0_6_x1_2_x5_1.qasm,944,65632,31764,132,30950,1904,882,7884
instructions_T20_idx038_x0_6_x1_1_x2_3.qasm,580,48589,23675,66,23165,1212,471,8216
instructions_T20_idx039_x0_6_x1_1_x2_1_x4_1.qasm,2302,154750,74869,330,72916,4512,2123,10822
instructions_T20_idx040_x0_6_x1_1_x3_2.qasm,682,51553,25023,88,24431,1404,607,7099
instructions_T20_idx041_x0_6_x1_1_x6_1.qasm,1076,71465,34527,154,33609,2156,1019,6732
instructions_T20_idx042_x0_6_x2_2_x3_1.qasm,953,68214,33049,132,32229,1922,882,7571
instructions_T20_idx043_x0_6_x2_1_x5_1.qasm,1370,90892,43923,198,42756,2720,1295,8989
instructions_T20_idx044_x0_6_x3_1_x4_1.qasm,1527,101970,49296,220,47999,3022,1433,11291
instructions_T20_idx045_x0_6_x7_1.qasm,630,41042,19790,88,19259,1300,605,4733
instructions_T20_idx046_x0_4_x1_8.qasm,296,31564,15524,22,15254,612,152,13068
instructions_T20_idx047_x0_4_x1_6_x2_1.qasm,556,48070,23482,66,22988,1108,426,12633
instructions_T20_idx048_x0_4_x1_5_x3_1.qasm,676,53730,26169,88,25574,1336,563,11479
instructions_T20_idx049_x0_4_x1_4_x2_2.qasm,560,48126,23506,66,23012,1116,426,11069
instructions_T20_idx050_x0_4_x1_4_x4_1.qasm,800,59449,28882,110,28185,1572,700,10326
instructions_T20_idx051_x0_4_x1_3_x2_1_x3_1.qasm,1862,131567,63805,264,62221,3612,1665,12868
instructions_T20_idx052_x0_4_x1_3_x5_1.qasm,928,65225,31619,132,30821,1816,837,9173
instructions_T20_idx053_x0_4_x1_2_x2_3.qasm,564,48182,23530,66,23036,1124,426,9505
instructions_T20_idx054_x0_4_x1_2_x2_1_x4_1.qasm,2286,154343,74724,330,72787,4424,2078,12111
instructions_T20_idx055_x0_4_x1_2_x3_2.qasm,666,51146,24878,88,24302,1316,562,8388
instructions_T20_idx056_x0_4_x1_2_x6_1.qasm,1060,71058,34382,154,33480,2068,974,8021
instructions_T20_idx057_x0_4_x1_1_x2_2_x3_1.qasm,1866,131623,63829,264,62245,3620,1665,9824
instructions_T20_idx058_x0_4_x1_1_x2_1_x5_1.qasm,2722,177281,85703,396,83431,5260,2491,11358
instructions_T20_idx059_x0_4_x1_1_x3_1_x4_1.qasm,3046,199582,96513,440,93978,5884,2767,13714
instructions_T20_idx060_x0_4_x1_1_x7_1.qasm,1196,76943,37165,176,36163,2328,1111,6871
instructions_T20_idx061_x0_4_x2_4.qasm,299,25046,12217,33,11967,612,217,7169
instructions_T20_idx062_x0_4_x2_2_x4_1.qasm,1135,77775,37661,165,36694,2212,1043,8041
instructions_T20_idx063_x0_4_x2_1_x3_2.qasm,963,70613,34291,132,33466,1886,838,8813
instructions_T20_idx064_x0_4_x2_1_x6_1.qasm,1564,100618,48604,231,47293,3034,1456,9465
instructions_T20_idx065_x0_4_x3_1_x5_1.qasm,1793,115920,56008,264,54511,3474,1663,12124
instructions_T20_idx066_x0_4_x4_2.qasm,401,28012,13566,55,13234,804,353,4912
instructions_T20_idx067_x0_4_x8_1.qasm,674,42243,20373,99,19817,1326,628,4852
instructions_T20_idx068_x0_2_x1_9.qasm,280,31157,15379,22,15125,524,107,14357
instructions_T20_idx069_x0_2_x1_7_x2_1.qasm,540,47663,23337,66,22859,1020,381,13922
instructions_T20_idx070_x0_2_x1_6_x3_1.qasm,660,53323,26024,88,25445,1248,518,12768
instructions_T20_idx071_x0_2_x1_5_x2_2.qasm,544,47719,23361,66,22883,1028,381,12358
instructions_T20_idx072_x0_2_x1_5_x4_1.qasm,784,59042,28737,110,28056,1484,655,11615
instructions_T20_idx073_x0_2_x1_4_x2_1_x3_1.qasm,1846,131160,63660,264,62092,3524,1620,14157
instructions_T20_idx074_x0_2_x1_4_x5_1.qasm,912,64818,31474,132,30692,1728,792,10462
instructions_T20_idx075_x0_2_x1_3_x2_3.qasm,548,47775,23385,66,22907,1036,381,10794
instructions_T20_idx076_x0_2_x1_3_x2_1_x4_1.qasm,2270,153936,74579,330,72658,4336,2033,13400
instructions_T20_idx077_x0_2_x1_3_x3_2.qasm,650,50739,24733,88,24173,1228,517,9677
instructions_T20_idx078_x0_2_x1_3_x6_1.qasm,1044,70651,34237,154,33351,1980,929,9310
instructions_T20_idx079_x0_2_x1_2_x2_2_x3_1.qasm,1850,131216,63684,264,62116,3532,1620,11113
instructions_T20_idx080_x0_2_x1_2_x2_1_x5_1.qasm,2706,176874,85558,396,83302,5172,2446,12647
instructions_T20_idx081_x0_2_x1_2_x3_1_x4_1.qasm,3030,199175,96368,440,93849,5796,2722,15003
instructions_T20_idx082_x0_2_x1_2_x7_1.qasm,1180,76536,37020,176,36034,2240,1066,8160
instructions_T20_idx083_x0_2_x1_1_x2_4.qasm,552,47830,23409,66,22930,1044,381,9230
instructions_T20_idx084_x0_2_x1_1_x2_2_x4_1.qasm,2274,153993,74603,330,72683,4344,2033,10356
instructions_T20_idx085_x0_2_x1_1_x2_1_x3_2.qasm,1922,139553,67809,264,66181,3676,1623,11086
instructions_T20_idx086_x0_2_x1_1_x2_1_x6_1.qasm,3154,199981,96615,462,94013,6032,2859,11896
instructions_T20_idx087_x0_2_x1_1_x3_1_x5_1.qasm,3626,230786,111513,528,108532,6940,3273,14630
instructions_T20_idx088_x0_2_x1_1_x4_2.qasm,760,53820,26131,110,25490,1436,653,6997
instructions_T20_idx089_x0_2_x1_1_x8_1.qasm,1320,82477,39829,198,38739,2508,1203,7011
instructions_T20_idx090_x0_2_x2_3_x3_1.qasm,906,64747,31438,132,30670,1716,791,7918
instructions_T20_idx091_x0_2_x2_2_x5_1.qasm,1323,87425,42312,198,41197,2514,1204,8513
instructions_T20_idx092_x0_2_x2_1_x3_1_x4_1.qasm,4595,295173,142682,660,138924,8806,4101,23085
instructions_T20_idx093_x0_2_x2_1_x7_1.qasm,1764,110431,53324,264,51866,3360,1617,9943
instructions_T20_idx094_x0_2_x3_3.qasm,318,23456,11420,44,11165,588,239,5801
instructions_T20_idx095_x0_2_x3_1_x6_1.qasm,2067,129982,62772,308,61067,3942,1893,12960
instructions_T20_idx096_x0_2_x4_1_x5_1.qasm,2229,141137,68178,330,66344,4254,2031,15270
instructions_T20_idx097_x0_2_x9_1.qasm,720,43475,20969,110,20389,1356,651,4972
instructions_T20_idx098_x0_0_x1_10.qasm,264,30762,15234,22,14994,436,76,15704
instructions_T20_idx099_x0_0_x1_8_x2_1.qasm,524,47268,23192,66,22728,932,350,15269
instructions_T20_idx100_x0_0_x1_7_x3_1.qasm,644,52928,25879,88,25314,1160,487,14115
instructions_T20_idx101_x0_0_x1_6_x2_2.qasm,528,47324,23216,66,22752,940,350,13705
instructions_T20_idx102_x0_0_x1_6_x4_1.qasm,768,58647,28592,110,27925,1396,624,12962
instructions_T20_idx103_x0_0_x1_5_x2_1_x3_1.qasm,1830,130765,63515,264,61961,3436,1589,15504
instructions_T20_idx104_x0_0_x1_5_x5_1.qasm,896,64423,31329,132,30561,1640,761,11809
instructions_T20_idx105_x0_0_x1_4_x2_3.qasm,532,47380,23240,66,22776,948,350,12141
instructions_T20_idx106_x0_0_x1_4_x2_1_x4_1.qasm,2254,153541,74434,330,72527,4248,2002,14747
instructions_T20_idx107_x0_0_x1_4_x3_2.qasm,634,50344,24588,88,24042,1140,486,11024
instructions_T20_idx108_x0_0_x1_4_x6_1.qasm,1028,70256,34092,154,33220,1892,898,10657
instructions_T20_idx109_x0_0_x1_3_x2_2_x3_1.qasm,1834,130821,63539,264,61985,3444,1589,12460
instructions_T20_idx110_x0_0_x1_3_x2_1_x5_1.qasm,2690,176479,85413,396,83171,5084,2415,13994
instructions_T20_idx111_x0_0_x1_3_x3_1_x4_1.qasm,3014,198780,96223,440,93718,5708,2691,16350
instructions_T20_idx112_x0_0_x1_3_x7_1.qasm,1164,76141,36875,176,35903,2152,1035,9507
instructions_T20_idx113_x0_0_x1_2_x2_4.qasm,536,47435,23264,66,22799,956,350,10577
instructions_T20_idx114_x0_0_x1_2_x2_2_x4_1.qasm,2258,153598,74458,330,72552,4256,2002,11703
instructions_T20_idx115_x0_0_x1_2_x2_1_x3_2.qasm,1906,139158,67664,264,66050,3588,1592,12433
instructions_T20_idx116_x0_0_x1_2_x2_1_x6_1.qasm,3138,199586,96470,462,93882,5944,2828,13243
instructions_T20_idx117_x0_0_x1_2_x3_1_x5_1.qasm,3610,230391,111368,528,108401,6852,3242,15977
instructions_T20_idx118_x0_0_x1_2_x4_2.qasm,744,53425,25986,110,25359,1348,622,8344
instructions_T20_idx119_x0_0_x1_2_x8_1.qasm,1304,82082,39684,198,38608,2420,1172,8358
instructions_T20_idx120_x0_0_x1_1_x2_3_x3_1.qasm,1838,130877,63563,264,62009,3452,1589,10238
instructions_T20_idx121_x0_0_x1_1_x2_2_x5_1.qasm,2694,176535,85437,396,83195,5092,2415,10950
instructions_T20_idx122_x0_0_x1_1_x2_1_x3_1_x4_1.qasm,9428,594697,287323,1320,279789,18056,8209,26484
instructions_T20_idx123_x0_0_x1_1_x2_1_x7_1.qasm,3598,222861,107599,528,104665,6828,3241,12492
instructions_T20_idx124_x0_0_x1_1_x3_3.qasm,624,47762,23297,88,22772,1120,485,7933
instructions_T20_idx125_x0_0_x1_1_x3_1_x6_1.qasm,4222,262220,126609,616,123174,8028,3793,15604
instructions_T20_idx126_x0_0_x1_1_x4_1_x5_1.qasm,4556,284663,137475,660,133787,8672,4069,17969
instructions_T20_idx127_x0_0_x1_1_x9_1.qasm,1448,88083,42517,220,41341,2696,1309,7209
instructions_T20_idx128_x0_0_x2_5.qasm,252,21590,10606,33,10405,406,140,8231
instructions_T20_idx129_x0_0_x2_3_x4_1.qasm,1088,74319,36050,165,35132,2006,966,8092
instructions_T20_idx130_x0_0_x2_2_x3_2.qasm,916,67157,32680,132,31904,1680,761,8395
instructions_T20_idx131_x0_0_x2_2_x6_1.qasm,1517,97162,46993,231,45731,2828,1379,9047
instructions_T20_idx132_x0_0_x2_1_x3_1_x5_1.qasm,5497,343751,166014,792,161566,10482,4897,25053
instructions_T20_idx133_x0_0_x2_1_x4_2.qasm,1116,77154,37449,165,36511,2062,967,9103
instructions_T20_idx134_x0_0_x2_1_x8_1.qasm,1970,120336,58080,297,56469,3698,1792,10479
instructions_T20_idx135_x0_0_x3_2_x4_1.qasm,1449,95456,46219,220,45009,2698,1310,10635
instructions_T20_idx136_x0_0_x3_1_x7_1.qasm,2349,144168,69584,352,67669,4426,2137,13854
instructions_T20_idx137_x0_0_x4_1_x6_1.qasm,2585,159572,77034,385,74929,4880,2344,16522
instructions_T20_idx138_x0_0_x5_2.qasm,408,26084,12648,66,12326,700,344,4848
instructions_T20_idx139_x0_0_x10_1.qasm,768,44746,21577,121,20970,1390,688,5150
instructions_T22_idx001_x0_22.qasm,400,33830,16192,16,15813,1320,489,2771
instructions_T22_idx002_x0_20_x1_1.qasm,440,37487,18011,22,17593,1348,513,4284
instructions_T22_idx003_x0_18_x1_2.qasm,424,37080,17866,22,17464,1260,468,5572
instructions_T22_idx004_x0_18_x2_1.qasm,472,38521,18522,33,18080,1350,536,4395
instructions_T22_idx005_x0_16_x1_3.qasm,408,36673,17721,22,17335,1172,423,6861
instructions_T22_idx006_x0_16_x1_1_x2_1.qasm,668,53179,25679,66,25069,1668,697,6426
instructions_T22_idx007_x0_16_x3_1.qasm,506,39584,19046,44,18579,1356,559,4507
instructions_T22_idx008_x0_14_x1_4.qasm,392,36266,17576,22,17206,1084,378,8150
instructions_T22_idx009_x0_14_x1_2_x2_1.qasm,652,52772,25534,66,24940,1580,652,7715
instructions_T22_idx010_x0_14_x1_1_x3_1.qasm,772,58432,28221,88,27526,1808,789,6561
instructions_T22_idx011_x0_14_x2_2.qasm,425,35054,16911,33,16521,1144,445,5399
instructions_T22_idx012_x0_14_x4_1.qasm,542,40674,19581,55,19090,1366,582,4622
instructions_T22_idx013_x0_12_x1_5.qasm,376,35859,17431,22,17077,996,333,9439
instructions_T22_idx014_x0_12_x1_3_x2_1.qasm,636,52365,25389,66,24811,1492,607,9004
instructions_T22_idx015_x0_12_x1_2_x3_1.qasm,756,58025,28076,88,27397,1720,744,7850
instructions_T22_idx016_x0_12_x1_1_x2_2.qasm,640,52421,25413,66,24835,1500,607,7440
instructions_T22_idx017_x0_12_x1_1_x4_1.qasm,880,63744,30789,110,30008,1956,881,6697
instructions_T22_idx018_x0_12_x2_1_x3_1.qasm,1032,74755,36132,132,35224,2248,1019,8285
instructions_T22_idx019_x0_12_x5_1.qasm,580,41793,20129,66,19613,1380,605,4738
instructions_T22_idx020_x0_10_x1_6.qasm,360,35452,17286,22,16948,908,288,10728
instructions_T22_idx021_x0_10_x1_4_x2_1.qasm,620,51958,25244,66,24682,1404,562,10293
instructions_T22_idx022_x0_10_x1_3_x3_1.qasm,740,57618,27931,88,27268,1632,699,9139
instructions_T22_idx023_x0_10_x1_2_x2_2.qasm,624,52014,25268,66,24706,1412,562,8729
instructions_T22_idx024_x0_10_x1_2_x4_1.qasm,864,63337,30644,110,29879,1868,836,7986
instructions_T22_idx025_x0_10_x1_1_x2_1_x3_1.qasm,1926,135455,65567,264,63915,3908,1801,10528
instructions_T22_idx026_x0_10_x1_1_x5_1.qasm,992,69113,33381,132,32515,2112,973,6833
instructions_T22_idx027_x0_10_x2_3.qasm,378,31587,15300,33,14962,938,354,6403
instructions_T22_idx028_x0_10_x2_1_x4_1.qasm,1214,84316,40744,165,39689,2538,1180,8755
instructions_T22_idx029_x0_10_x3_2.qasm,428,33057,15969,44,15590,1032,422,5273
instructions_T22_idx030_x0_10_x6_1.qasm,620,42940,20689,77,20148,1398,628,4854
instructions_T22_idx031_x0_8_x1_7.qasm,344,35045,17141,22,16819,820,243,12017
instructions_T22_idx032_x0_8_x1_5_x2_1.qasm,604,51551,25099,66,24553,1316,517,11582
instructions_T22_idx033_x0_8_x1_4_x3_1.qasm,724,57211,27786,88,27139,1544,654,10428
instructions_T22_idx034_x0_8_x1_3_x2_2.qasm,608,51607,25123,66,24577,1324,517,10018
instructions_T22_idx035_x0_8_x1_3_x4_1.qasm,848,62930,30499,110,29750,1780,791,9275
instructions_T22_idx036_x0_8_x1_2_x2_1_x3_1.qasm,1910,135048,65422,264,63786,3820,1756,11817
instructions_T22_idx037_x0_8_x1_2_x5_1.qasm,976,68706,33236,132,32386,2024,928,8122
instructions_T22_idx038_x0_8_x1_1_x2_3.qasm,612,51663,25147,66,24601,1332,517,8454
instructions_T22_idx039_x0_8_x1_1_x2_1_x4_1.qasm,2334,157824,76341,330,74352,4632,2169,11060
instructions_T22_idx040_x0_8_x1_1_x3_2.qasm,714,54627,26495,88,25867,1524,653,7337
instructions_T22_idx041_x0_8_x1_1_x6_1.qasm,1108,74539,35999,154,35045,2276,1065,6970
instructions_T22_idx042_x0_8_x2_2_x3_1.qasm,985,71288,34521,132,33665,2042,928,7809
instructions_T22_idx043_x0_8_x2_1_x5_1.qasm,1402,93966,45395,198,44192,2840,1341,9227
instructions_T22_idx044_x0_8_x3_1_x4_1.qasm,1559,105044,50768,220,49435,3142,1479,11529
instructions_T22_idx045_x0_8_x7_1.qasm,662,44116,21262,88,20695,1420,651,4971
instructions_T22_idx046_x0_6_x1_8.qasm,328,34638,16996,22,16690,732,198,13306
instructions_T22_idx047_x0_6_x1_6_x2_1.qasm,588,51144,24954,66,24424,1228,472,12871
instructions_T22_idx048_x0_6_x1_5_x3_1.qasm,708,56804,27641,88,27010,1456,609,11717
instructions_T22_idx049_x0_6_x1_4_x2_2.qasm,592,51200,24978,66,24448,1236,472,11307
instructions_T22_idx050_x0_6_x1_4_x4_1.qasm,832,62523,30354,110,29621,1692,746,10564
instructions_T22_idx051_x0_6_x1_3_x2_1_x3_1.qasm,1894,134641,65277,264,63657,3732,1711,13106
instructions_T22_idx052_x0_6_x1_3_x5_1.qasm,960,68299,33091,132,32257,1936,883,9411
instructions_T22_idx053_x0_6_x1_2_x2_3.qasm,596,51256,25002,66,24472,1244,472,9743
instructions_T22_idx054_x0_6_x1_2_x2_1_x4_1.qasm,2318,157417,76196,330,74223,4544,2124,12349
instructions_T22_idx055_x0_6_x1_2_x3_2.qasm,698,54220,26350,88,25738,1436,608,8626
instructions_T22_idx056_x0_6_x1_2_x6_1.qasm,1092,74132,35854,154,34916,2188,1020,8259
instructions_T22_idx057_x0_6_x1_1_x2_2_x3_1.qasm,1898,134697,65301,264,63681,3740,1711,10062
instructions_T22_idx058_x0_6_x1_1_x2_1_x5_1.qasm,2754,180355,87175,396,84867,5380,2537,11596
instructions_T22_idx059_x0_6_x1_1_x3_1_x4_1.qasm,3078,202656,97985,440,95414,6004,2813,13952
instructions_T22_idx060_x0_6_x1_1_x7_1.qasm,1228,80017,38637,176,37599,2448,1157,7109
instructions_T22_idx061_x0_6_x2_4.qasm,331,28120,13689,33,13403,732,263,7407
instructions_T22_idx062_x0_6_x2_2_x4_1.qasm,1167,80849,39133,165,38130,2332,1089,8279
instructions_T22_idx063_x0_6_x2_1_x3_2.qasm,995,73687,35763,132,34902,2006,884,9051
instructions_T22_idx064_x0_6_x2_1_x6_1.qasm,1596,103692,50076,231,48729,3154,1502,9703
instructions_T22_idx065_x0_6_x3_1_x5_1.qasm,1825,118994,57480,264,55947,3594,1709,12362
instructions_T22_idx066_x0_6_x4_2.qasm,433,31086,15038,55,14670,924,399,5150
instructions_T22_idx067_x0_6_x8_1.qasm,706,45317,21845,99,21253,1446,674,5090
instructions_T22_idx068_x0_4_x1_9.qasm,312,34231,16851,22,16561,644,153,14595
instructions_T22_idx069_x0_4_x1_7_x2_1.qasm,572,50737,24809,66,24295,1140,427,14160
instructions_T22_idx070_x0_4_x1_6_x3_1.qasm,692,56397,27496,88,26881,1368,564,13006
instructions_T22_idx071_x0_4_x1_5_x2_2.qasm,576,50793,24833,66,24319,1148,427,12596
instructions_T22_idx072_x0_4_x1_5_x4_1.qasm,816,62116,30209,110,29492,1604,701,11853
instructions_T22_idx073_x0_4_x1_4_x2_1_x3_1.qasm,1878,134234,65132,264,63528,3644,1666,14395
instructions_T22_idx074_x0_4_x1_4_x5_1.qasm,944,67892,32946,132,32128,1848,838,10700
instructions_T22_idx075_x0_4_x1_3_x2_3.qasm,580,50849,24857,66,24343,1156,427,11032
instructions_T22_idx076_x0_4_x1_3_x2_1_x4_1.qasm,2302,157010,76051,330,74094,4456,2079,13638
instructions_T22_idx077_x0_4_x1_3_x3_2.qasm,682,53813,26205,88,25609,1348,563,9915
instructions_T22_idx078_x0_4_x1_3_x6_1.qasm,1076,73725,35709,154,34787,2100,975,9548
instructions_T22_idx079_x0_4_x1_2_x2_2_x3_1.qasm,1882,134290,65156,264,63552,3652,1666,11351
instructions_T22_idx080_x0_4_x1_2_x2_1_x5_1.qasm,2738,179948,87030,396,84738,5292,2492,12885
instructions_T22_idx081_x0_4_x1_2_x3_1_x4_1.qasm,3062,202249,97840,440,95285,5916,2768,15241
instructions_T22_idx082_x0_4_x1_2_x7_1.qasm,1212,79610,38492,176,37470,2360,1112,8398
instructions_T22_idx083_x0_4_x1_1_x2_4.qasm,584,50904,24881,66,24366,1164,427,9468
instructions_T22_idx084_x0_4_x1_1_x2_2_x4_1.qasm,2306,157067,76075,330,74119,4464,2079,10594
instructions_T22_idx085_x0_4_x1_1_x2_1_x3_2.qasm,1954,142627,69281,264,67617,3796,1669,11324
instructions_T22_idx086_x0_4_x1_1_x2_1_x6_1.qasm,3186,203055,98087,462,95449,6152,2905,12134
instructions_T22_idx087_x0_4_x1_1_x3_1_x5_1.qasm,3658,233860,112985,528,109968,7060,3319,14868
instructions_T22_idx088_x0_4_x1_1_x4_2.qasm,792,56894,27603,110,26926,1556,699,7235
instructions_T22_idx089_x0_4_x1_1_x8_1.qasm,1352,85551,41301,198,40175,2628,1249,7249
instructions_T22_idx090_x0_4_x2_3_x3_1.qasm,938,67821,32910,132,32106,1836,837,8156
instructions_T22_idx091_x0_4_x2_2_x5_1.qasm,1355,90499,43784,198,42633,2634,1250,8751
instructions_T22_idx092_x0_4_x2_1_x3_1_x4_1.qasm,4627,298247,144154,660,140360,8926,4147,23323
instructions_T22_idx093_x0_4_x2_1_x7_1.qasm,1796,113505,54796,264,53302,3480,1663,10181
instructions_T22_idx094_x0_4_x3_3.qasm,350,26530,12892,44,12601,708,285,6039
instructions_T22_idx095_x0_4_x3_1_x6_1.qasm,2099,133056,64244,308,62503,4062,1939,13198
instructions_T22_idx096_x0_4_x4_1_x5_1.qasm,2261,144211,69650,330,67780,4374,2077,15508
instructions_T22_idx097_x0_4_x9_1.qasm,752,46549,22441,110,21825,1476,697,5210
instructions_T22_idx098_x0_2_x1_10.qasm,296,33824,16706,22,16432,556,108,15884
instructions_T22_idx099_x0_2_x1_8_x2_1.qasm,556,50330,24664,66,24166,1052,382,15449
instructions_T22_idx100_x0_2_x1_7_x3_1.qasm,676,55990,27351,88,26752,1280,519,14295
instructions_T22_idx101_x0_2_x1_6_x2_2.qasm,560,50386,24688,66,24190,1060,382,13885
instructions_T22_idx102_x0_2_x1_6_x4_1.qasm,800,61709,30064,110,29363,1516,656,13142
instructions_T22_idx103_x0_2_x1_5_x2_1_x3_1.qasm,1862,133827,64987,264,63399,3556,1621,15684
instructions_T22_idx104_x0_2_x1_5_x5_1.qasm,928,67485,32801,132,31999,1760,793,11989
instructions_T22_idx105_x0_2_x1_4_x2_3.qasm,564,50442,24712,66,24214,1068,382,12321
instructions_T22_idx106_x0_2_x1_4_x2_1_x4_1.qasm,2286,156603,75906,330,73965,4368,2034,14927
instructions_T22_idx107_x0_2_x1_4_x3_2.qasm,666,53406,26060,88,25480,1260,518,11204
instructions_T22_idx108_x0_2_x1_4_x6_1.qasm,1060,73318,35564,154,34658,2012,930,10837
instructions_T22_idx109_x0_2_x1_3_x2_2_x3_1.qasm,1866,133883,65011,264,63423,3564,1621,12640
instructions_T22_idx110_x0_2_x1_3_x2_1_x5_1.qasm,2722,179541,86885,396,84609,5204,2447,14174
instructions_T22_idx111_x0_2_x1_3_x3_1_x4_1.qasm,3046,201842,97695,440,95156,5828,2723,16530
instructions_T22_idx112_x0_2_x1_3_x7_1.qasm,1196,79203,38347,176,37341,2272,1067,9687
instructions_T22_idx113_x0_2_x1_2_x2_4.qasm,568,50497,24736,66,24237,1076,382,10757
instructions_T22_idx114_x0_2_x1_2_x2_2_x4_1.qasm,2290,156660,75930,330,73990,4376,2034,11883
instructions_T22_idx115_x0_2_x1_2_x2_1_x3_2.qasm,1938,142220,69136,264,67488,3708,1624,12613
instructions_T22_idx116_x0_2_x1_2_x2_1_x6_1.qasm,3170,202648,97942,462,95320,6064,2860,13423
instructions_T22_idx117_x0_2_x1_2_x3_1_x5_1.qasm,3642,233453,112840,528,109839,6972,3274,16157
instructions_T22_idx118_x0_2_x1_2_x4_2.qasm,776,56487,27458,110,26797,1468,654,8524
instructions_T22_idx119_x0_2_x1_2_x8_1.qasm,1336,85144,41156,198,40046,2540,1204,8538
instructions_T22_idx120_x0_2_x1_1_x2_3_x3_1.qasm,1870,133939,65035,264,63447,3572,1621,10418
instructions_T22_idx121_x0_2_x1_1_x2_2_x5_1.qasm,2726,179597,86909,396,84633,5212,2447,11130
instructions_T22_idx122_x0_2_x1_1_x2_1_x3_1_x4_1.qasm,9460,597759,288795,1320,281227,18176,8241,26664
instructions_T22_idx123_x0_2_x1_1_x2_1_x7_1.qasm,3630,225923,109071,528,106103,6948,3273,12672
instructions_T22_idx124_x0_2_x1_1_x3_3.qasm,656,50824,24769,88,24210,1240,517,8113
instructions_T22_idx125_x0_2_x1_1_x3_1_x6_1.qasm,4254,265282,128081,616,124612,8148,3825,15784
instructions_T22_idx126_x0_2_x1_1_x4_1_x5_1.qasm,4588,287725,138947,660,135225,8792,4101,18149
instructions_T22_idx127_x0_2_x1_1_x9_1.qasm,1480,91145,43989,220,42779,2816,1341,7389
instructions_T22_idx128_x0_2_x2_5.qasm,284,24653,12078,33,11844,526,172,8411
instructions_T22_idx129_x0_2_x2_3_x4_1.qasm,1120,77382,37522,165,36571,2126,998,8272
instructions_T22_idx130_x0_2_x2_2_x3_2.qasm,948,70220,34152,132,33343,1800,793,8575
instructions_T22_idx131_x0_2_x2_2_x6_1.qasm,1549,100225,48465,231,47170,2948,1411,9227
instructions_T22_idx132_x0_2_x2_1_x3_1_x5_1.qasm,5529,346814,167486,792,163005,10602,4929,25233
instructions_T22_idx133_x0_2_x2_1_x4_2.qasm,1148,80217,38921,165,37950,2182,999,9283
instructions_T22_idx134_x0_2_x2_1_x8_1.qasm,2002,123399,59552,297,57908,3818,1824,10659
instructions_T22_idx135_x0_2_x3_2_x4_1.qasm,1481,98518,47691,220,46447,2818,1342,10815
instructions_T22_idx136_x0_2_x3_1_x7_1.qasm,2381,147230,71056,352,69107,4546,2169,14034
instructions_T22_idx137_x0_2_x4_1_x6_1.qasm,2617,162634,78506,385,76367,5000,2376,16702
instructions_T22_idx138_x0_2_x5_2.qasm,440,29146,14120,66,13764,820,376,5028
instructions_T22_idx139_x0_2_x10_1.qasm,800,47808,23049,121,22408,1510,720,5330
instructions_T22_idx140_x0_0_x1_11.qasm,280,33429,16561,22,16301,468,77,17231
instructions_T22_idx141_x0_0_x1_9_x2_1.qasm,540,49935,24519,66,24035,964,351,16796
instructions_T22_idx142_x0_0_x1_8_x3_1.qasm,660,55595,27206,88,26621,1192,488,15642
instructions_T22_idx143_x0_0_x1_7_x2_2.qasm,544,49991,24543,66,24059,972,351,15232
instructions_T22_idx144_x0_0_x1_7_x4_1.qasm,784,61314,29919,110,29232,1428,625,14489
instructions_T22_idx145_x0_0_x1_6_x2_1_x3_1.qasm,1846,133432,64842,264,63268,3468,1590,17031
instructions_T22_idx146_x0_0_x1_6_x5_1.qasm,912,67090,32656,132,31868,1672,762,13336
instructions_T22_idx147_x0_0_x1_5_x2_3.qasm,548,50047,24567,66,24083,980,351,13668
instructions_T22_idx148_x0_0_x1_5_x2_1_x4_1.qasm,2270,156208,75761,330,73834,4280,2003,16274
instructions_T22_idx149_x0_0_x1_5_x3_2.qasm,650,53011,25915,88,25349,1172,487,12551
instructions_T22_idx150_x0_0_x1_5_x6_1.qasm,1044,72923,35419,154,34527,1924,899,12184
instructions_T22_idx151_x0_0_x1_4_x2_2_x3_1.qasm,1850,133488,64866,264,63292,3476,1590,13987
instructions_T22_idx152_x0_0_x1_4_x2_1_x5_1.qasm,2706,179146,86740,396,84478,5116,2416,15521
instructions_T22_idx153_x0_0_x1_4_x3_1_x4_1.qasm,3030,201447,97550,440,95025,5740,2692,17877
instructions_T22_idx154_x0_0_x1_4_x7_1.qasm,1180,78808,38202,176,37210,2184,1036,11034
instructions_T22_idx155_x0_0_x1_3_x2_4.qasm,552,50102,24591,66,24106,988,351,12104
instructions_T22_idx156_x0_0_x1_3_x2_2_x4_1.qasm,2274,156265,75785,330,73859,4288,2003,13230
instructions_T22_idx157_x0_0_x1_3_x2_1_x3_2.qasm,1922,141825,68991,264,67357,3620,1593,13960
instructions_T22_idx158_x0_0_x1_3_x2_1_x6_1.qasm,3154,202253,97797,462,95189,5976,2829,14770
instructions_T22_idx159_x0_0_x1_3_x3_1_x5_1.qasm,3626,233058,112695,528,109708,6884,3243,17504
instructions_T22_idx160_x0_0_x1_3_x4_2.qasm,760,56092,27313,110,26666,1380,623,9871
instructions_T22_idx161_x0_0_x1_3_x8_1.qasm,1320,84749,41011,198,39915,2452,1173,9885
instructions_T22_idx162_x0_0_x1_2_x2_3_x3_1.qasm,1854,133544,64890,264,63316,3484,1590,11765
instructions_T22_idx163_x0_0_x1_2_x2_2_x5_1.qasm,2710,179202,86764,396,84502,5124,2416,12477
instructions_T22_idx164_x0_0_x1_2_x2_1_x3_1_x4_1.qasm,9444,597364,288650,1320,281096,18088,8210,28011
instructions_T22_idx165_x0_0_x1_2_x2_1_x7_1.qasm,3614,225528,108926,528,105972,6860,3242,14019
instructions_T22_idx166_x0_0_x1_2_x3_3.qasm,640,50429,24624,88,24079,1152,486,9460
instructions_T22_idx167_x0_0_x1_2_x3_1_x6_1.qasm,4238,264887,127936,616,124481,8060,3794,17131
instructions_T22_idx168_x0_0_x1_2_x4_1_x5_1.qasm,4572,287330,138802,660,135094,8704,4070,19496
instructions_T22_idx169_x0_0_x1_2_x9_1.qasm,1464,90750,43844,220,42648,2728,1310,8736
instructions_T22_idx170_x0_0_x1_1_x2_5.qasm,556,50159,24615,66,24131,996,351,10540
instructions_T22_idx171_x0_0_x1_1_x2_3_x4_1.qasm,2278,156321,75809,330,73883,4296,2003,10653
instructions_T22_idx172_x0_0_x1_1_x2_2_x3_2.qasm,1926,141881,69015,264,67381,3628,1593,10916
instructions_T22_idx173_x0_0_x1_1_x2_2_x6_1.qasm,3158,202309,97821,462,95213,5984,2829,11726
instructions_T22_idx174_x0_0_x1_1_x2_1_x3_1_x5_1.qasm,11344,698675,337243,1584,328239,21744,9865,28878
instructions_T22_idx175_x0_0_x1_1_x2_1_x4_2.qasm,2336,162019,78619,330,76653,4412,2005,11676
instructions_T22_idx176_x0_0_x1_1_x2_1_x8_1.qasm,4086,248970,120133,594,116820,7768,3655,13270
instructions_T22_idx177_x0_0_x1_1_x3_2_x4_1.qasm,3020,198864,96259,440,93754,5720,2691,13306
instructions_T22_idx178_x0_0_x1_1_x3_1_x7_1.qasm,4866,296948,143281,704,139350,9268,4345,16761
instructions_T22_idx179_x0_0_x1_1_x4_1_x6_1.qasm,5352,327948,158261,770,153954,10204,4759,19505
instructions_T22_idx180_x0_0_x1_1_x5_2.qasm,874,59229,28735,132,28007,1596,759,7191
instructions_T22_idx181_x0_0_x1_1_x10_1.qasm,1612,96806,46703,242,45402,3012,1447,7588
instructions_T22_idx182_x0_0_x2_4_x3_1.qasm,891,64365,31299,132,30544,1630,760,9218
instructions_T22_idx183_x0_0_x2_3_x5_1.qasm,1308,87043,42173,198,41071,2428,1173,8447
instructions_T22_idx184_x0_0_x2_2_x3_1_x4_1.qasm,4580,294791,142543,660,138798,8720,4070,22905
instructions_T22_idx185_x0_0_x2_2_x7_1.qasm,1749,110049,53185,264,51740,3274,1586,9763
instructions_T22_idx186_x0_0_x2_1_x3_3.qasm,958,72632,35394,132,34579,1764,763,9875
instructions_T22_idx187_x0_0_x2_1_x3_1_x6_1.qasm,6455,395731,190974,924,185782,12326,5725,27207
instructions_T22_idx188_x0_0_x2_1_x4_1_x5_1.qasm,6966,429539,207336,990,201762,13312,6139,31839
instructions_T22_idx189_x0_0_x2_1_x9_1.qasm,2214,133397,64347,330,62553,4168,1999,11197
instructions_T22_idx190_x0_0_x3_2_x5_1.qasm,1747,112479,54403,264,52956,3270,1586,11706
instructions_T22_idx191_x0_0_x3_1_x4_2.qasm,1516,103723,50314,220,49044,2832,1313,12115
instructions_T22_idx192_x0_0_x3_1_x8_1.qasm,2671,161527,77920,396,75752,5046,2413,14931
instructions_T22_idx193_x0_0_x4_1_x7_1.qasm,2983,181214,87427,440,85012,5646,2689,17958
instructions_T22_idx194_x0_0_x5_1_x6_1.qasm,3150,192437,92861,462,90319,5968,2827,20278
instructions_T22_idx195_x0_0_x11_1.qasm,850,49108,23670,132,23001,1548,757,5509
instructions_T24_idx001_x0_24.qasm,432,36904,17664,16,17249,1440,535,3009
instructions_T24_idx002_x0_22_x1_1.qasm,472,40561,19483,22,19029,1468,559,4522
instructions_T24_idx003_x0_20_x1_2.qasm,456,40154,19338,22,18900,1380,514,5810
instructions_T24_idx004_x0_20_x2_1.qasm,504,41595,19994,33,19516,1470,582,4633
instructions_T24_idx005_x0_18_x1_3.qasm,440,39747,19193,22,18771,1292,469,7099
instructions_T24_idx006_x0_18_x1_1_x2_1.qasm,700,56253,27151,66,26505,1788,743,6664
instructions_T24_idx007_x0_18_x3_1.qasm,538,42658,20518,44,20015,1476,605,4745
instructions_T24_idx008_x0_16_x1_4.qasm,424,39340,19048,22,18642,1204,424,8388
instructions_T24_idx009_x0_16_x1_2_x2_1.qasm,684,55846,27006,66,26376,1700,698,7953
instructions_T24_idx010_x0_16_x1_1_x3_1.qasm,804,61506,29693,88,28962,1928,835,6799
instructions_T24_idx011_x0_16_x2_2.qasm,457,38128,18383,33,17957,1264,491,5637
instructions_T24_idx012_x0_16_x4_1.qasm,574,43748,21053,55,20526,1486,628,4860
instructions_T24_idx013_x0_14_x1_5.qasm,408,38933,18903,22,18513,1116,379,9677
instructions_T24_idx014_x0_14_x1_3_x2_1.qasm,668,55439,26861,66,26247,1612,653,9242
instructions_T24_idx015_x0_14_x1_2_x3_1.qasm,788,61099,29548,88,28833,1840,790,8088
instructions_T24_idx016_x0_14_x1_1_x2_2.qasm,672,55495,26885,66,26271,1620,653,7678
instructions_T24_idx017_x0_14_x1_1_x4_1.qasm,912,66818,32261,110,31444,2076,927,6935
instructions_T24_idx018_x0_14_x2_1_x3_1.qasm,1064,77829,37604,132,36660,2368,1065,8523
instructions_T24_idx019_x0_14_x5_1.qasm,612,44867,21601,66,21049,1500,651,4976
instructions_T24_idx020_x0_12_x1_6.qasm,392,38526,18758,22,18384,1028,334,10966
instructions_T24_idx021_x0_12_x1_4_x2_1.qasm,652,55032,26716,66,26118,1524,608,10531
instructions_T24_idx022_x0_12_x1_3_x3_1.qasm,772,60692,29403,88,28704,1752,745,9377
instructions_T24_idx023_x0_12_x1_2_x2_2.qasm,656,55088,26740,66,26142,1532,608,8967
instructions_T24_idx024_x0_12_x1_2_x4_1.qasm,896,66411,32116,110,31315,1988,882,8224
instructions_T24_idx025_x0_12_x1_1_x2_1_x3_1.qasm,1958,138529,67039,264,65351,4028,1847,10766
instructions_T24_idx026_x0_12_x1_1_x5_1.qasm,1024,72187,34853,132,33951,2232,1019,7071
instructions_T24_idx027_x0_12_x2_3.qasm,410,34661,16772,33,16398,1058,400,6641
instructions_T24_idx028_x0_12_x2_1_x4_1.qasm,1246,87390,42216,165,41125,2658,1226,8993
instructions_T24_idx029_x0_12_x3_2.qasm,460,36131,17441,44,17026,1152,468,5511
instructions_T24_idx030_x0_12_x6_1.qasm,652,46014,22161,77,21584,1518,674,5092
instructions_T24_idx031_x0_10_x1_7.qasm,376,38119,18613,22,18255,940,289,12255
instructions_T24_idx032_x0_10_x1_5_x2_1.qasm,636,54625,26571,66,25989,1436,563,11820
instructions_T24_idx033_x0_10_x1_4_x3_1.qasm,756,60285,29258,88,28575,1664,700,10666
instructions_T24_idx034_x0_10_x1_3_x2_2.qasm,640,54681,26595,66,26013,1444,563,10256
instructions_T24_idx035_x0_10_x1_3_x4_1.qasm,880,66004,31971,110,31186,1900,837,9513
instructions_T24_idx036_x0_10_x1_2_x2_1_x3_1.qasm,1942,138122,66894,264,65222,3940,1802,12055
instructions_T24_idx037_x0_10_x1_2_x5_1.qasm,1008,71780,34708,132,33822,2144,974,8360
instructions_T24_idx038_x0_10_x1_1_x2_3.qasm,644,54737,26619,66,26037,1452,563,8692
instructions_T24_idx039_x0_10_x1_1_x2_1_x4_1.qasm,2366,160898,77813,330,75788,4752,2215,11298
instructions_T24_idx040_x0_10_x1_1_x3_2.qasm,746,57701,27967,88,27303,1644,699,7575
instructions_T24_idx041_x0_10_x1_1_x6_1.qasm,1140,77613,37471,154,36481,2396,1111,7208
instructions_T24_idx042_x0_10_x2_2_x3_1.qasm,1017,74362,35993,132,35101,2162,974,8047
instructions_T24_idx043_x0_10_x2_1_x5_1.qasm,1434,97040,46867,198,45628,2960,1387,9465
instructions_T24_idx044_x0_10_x3_1_x4_1.qasm,1591,108118,52240,220,50871,3262,1525,11767
instructions_T24_idx045_x0_10_x7_1.qasm,694,47190,22734,88,22131,1540,697,5209
instructions_T24_idx046_x0_8_x1_8.qasm,360,37712,18468,22,18126,852,244,13544
instructions_T24_idx047_x0_8_x1_6_x2_1.qasm,620,54218,26426,66,25860,1348,518,13109
instructions_T24_idx048_x0_8_x1_5_x3_1.qasm,740,59878,29113,88,28446,1576,655,11955
instructions_T24_idx049_x0_8_x1_4_x2_2.qasm,624,54274,26450,66,25884,1356,518,11545
instructions_T24_idx050_x0_8_x1_4_x4_1.qasm,864,65597,31826,110,31057,1812,792,10802
instructions_T24_idx051_x0_8_x1_3_x2_1_x3_1.qasm,1926,137715,66749,264,65093,3852,1757,13344
instructions_T24_idx052_x0_8_x1_3_x5_1.qasm,992,71373,34563,132,33693,2056,929,9649
instructions_T24_idx053_x0_8_x1_2_x2_3.qasm,628,54330,26474,66,25908,1364,518,9981
instructions_T24_idx054_x0_8_x1_2_x2_1_x4_1.qasm,2350,160491,77668,330,75659,4664,2170,12587
instructions_T24_idx055_x0_8_x1_2_x3_2.qasm,730,57294,27822,88,27174,1556,654,8864
instructions_T24_idx056_x0_8_x1_2_x6_1.qasm,1124,77206,37326,154,36352,2308,1066,8497
instructions_T24_idx057_x0_8_x1_1_x2_2_x3_1.qasm,1930,137771,66773,264,65117,3860,1757,10300
instructions_T24_idx058_x0_8_x1_1_x2_1_x5_1.qasm,2786,183429,88647,396,86303,5500,2583,11834
instructions_T24_idx059_x0_8_x1_1_x3_1_x4_1.qasm,3110,205730,99457,440,96850,6124,2859,14190
instructions_T24_idx060_x0_8_x1_1_x7_1.qasm,1260,83091,40109,176,39035,2568,1203,7347
instructions_T24_idx061_x0_8_x2_4.qasm,363,31194,15161,33,14839,852,309,7645
instructions_T24_idx062_x0_8_x2_2_x4_1.qasm,1199,83923,40605,165,39566,2452,1135,8517
instructions_T24_idx063_x0_8_x2_1_x3_2.qasm,1027,76761,37235,132,36338,2126,930,9289
instructions_T24_idx064_x0_8_x2_1_x6_1.qasm,1628,106766,51548,231,50165,3274,1548,9941
instructions_T24_idx065_x0_8_x3_1_x5_1.qasm,1857,122068,58952,264,57383,3714,1755,12600
instructions_T24_idx066_x0_8_x4_2.qasm,465,34160,16510,55,16106,1044,445,5388
instructions_T24_idx067_x0_8_x8_1.qasm,738,48391,23317,99,22689,1566,720,5328
instructions_T24_idx068_x0_6_x1_9.qasm,344,37305,18323,22,17997,764,199,14833
instructions_T24_idx069_x0_6_x1_7_x2_1.qasm,604,53811,26281,66,25731,1260,473,14398
instructions_T24_idx070_x0_6_x1_6_x3_1.qasm,724,59471,28968,88,28317,1488,610,13244
instructions_T24_idx071_x0_6_x1_5_x2_2.qasm,608,53867,26305,66,25755,1268,473,12834
instructions_T24_idx072_x0_6_x1_5_x4_1.qasm,848,65190,31681,110,30928,1724,747,12091
instructions_T24_idx073_x0_6_x1_4_x2_1_x3_1.qasm,1910,137308,66604,264,64964,3764,1712,14633
instructions_T24_idx074_x0_6_x1_4_x5_1.qasm,976,70966,34418,132,33564,1968,884,10938
instructions_T24_idx075_x0_6_x1_3_x2_3.qasm,612,53923,26329,66,25779,1276,473,11270
instructions_T24_idx076_x0_6_x1_3_x2_1_x4_1.qasm,2334,160084,77523,330,75530,4576,2125,13876
instructions_T24_idx077_x0_6_x1_3_x3_2.qasm,714,56887,27677,88,27045,1468,609,10153
instructions_T24_idx078_x0_6_x1_3_x6_1.qasm,1108,76799,37181,154,36223,2220,1021,9786
instructions_T24_idx079_x0_6_x1_2_x2_2_x3_1.qasm,1914,137364,66628,264,64988,3772,1712,11589
instructions_T24_idx080_x0_6_x1_2_x2_1_x5_1.qasm,2770,183022,88502,396,86174,5412,2538,13123
instructions_T24_idx081_x0_6_x1_2_x3_1_x4_1.qasm,3094,205323,99312,440,96721,6036,2814,15479
instructions_T24_idx082_x0_6_x1_2_x7_1.qasm,1244,82684,39964,176,38906,2480,1158,8636
instructions_T24_idx083_x0_6_x1_1_x2_4.qasm,616,53978,26353,66,25802,1284,473,9706
instructions_T24_idx084_x0_6_x1_1_x2_2_x4_1.qasm,2338,160141,77547,330,75555,4584,2125,10832
instructions_T24_idx085_x0_6_x1_1_x2_1_x3_2.qasm,1986,145701,70753,264,69053,3916,1715,11562
instructions_T24_idx086_x0_6_x1_1_x2_1_x6_1.qasm,3218,206129,99559,462,96885,6272,2951,12372
instructions_T24_idx087_x0_6_x1_1_x3_1_x5_1.qasm,3690,236934,114457,528,111404,7180,3365,15106
instructions_T24_idx088_x0_6_x1_1_x4_2.qasm,824,59968,29075,110,28362,1676,745,7473
instructions_T24_idx089_x0_6_x1_1_x8_1.qasm,1384,88625,42773,198,41611,2748,1295,7487
instructions_T24_idx090_x0_6_x2_3_x3_1.qasm,970,70895,34382,132,33542,1956,883,8394
instructions_T24_idx091_x0_6_x2_2_x5_1.qasm,1387,93573,45256,198,44069,2754,1296,8989
instructions_T24_idx092_x0_6_x2_1_x3_1_x4_1.qasm,4659,301321,145626,660,141796,9046,4193,23561
instructions_T24_idx093_x0_6_x2_1_x7_1.qasm,1828,116579,56268,264,54738,3600,1709,10419
instructions_T24_idx094_x0_6_x3_3.qasm,382,29604,14364,44,14037,828,331,6277
instructions_T24_idx095_x0_6_x3_1_x6_1.qasm,2131,136130,65716,308,63939,4182,1985,13436
instructions_T24_idx096_x0_6_x4_1_x5_1.qasm,2293,147285,71122,330,69216,4494,2123,15746
instructions_T24_idx097_x0_6_x9_1.qasm,784,49623,23913,110,23261,1596,743,5448
instructions_T24_idx098_x0_4_x1_10.qasm,328,36898,18178,22,17868,676,154,16122
instructions_T24_idx099_x0_4_x1_8_x2_1.qasm,588,53404,26136,66,25602,1172,428,15687
instructions_T24_idx100_x0_4_x1_7_x3_1.qasm,708,59064,28823,88,28188,1400,565,14533
instructions_T24_idx101_x0_4_x1_6_x2_2.qasm,592,53460,26160,66,25626,1180,428,14123
instructions_T24_idx102_x0_4_x1_6_x4_1.qasm,832,64783,31536,110,30799,1636,702,13380
instructions_T24_idx103_x0_4_x1_5_x2_1_x3_1.qasm,1894,136901,66459,264,64835,3676,1667,15922
instructions_T24_idx104_x0_4_x1_5_x5_1.qasm,960,70559,34273,132,33435,1880,839,12227
instructions_T24_idx105_x0_4_x1_4_x2_3.qasm,596,53516,26184,66,25650,1188,428,12559
instructions_T24_idx106_x0_4_x1_4_x2_1_x4_1.qasm,2318,159677,77378,330,75401,4488,2080,15165
instructions_T24_idx107_x0_4_x1_4_x3_2.qasm,698,56480,27532,88,26916,1380,564,11442
instructions_T24_idx108_x0_4_x1_4_x6_1.qasm,1092,76392,37036,154,36094,2132,976,11075
instructions_T24_idx109_x0_4_x1_3_x2_2_x3_1.qasm,1898,136957,66483,264,64859,3684,1667,12878
instructions_T24_idx110_x0_4_x1_3_x2_1_x5_1.qasm,2754,182615,88357,396,86045,5324,2493,14412
instructions_T24_idx111_x0_4_x1_3_x3_1_x4_1.qasm,3078,204916,99167,440,96592,5948,2769,16768
instructions_T24_idx112_x0_4_x1_3_x7_1.qasm,1228,82277,39819,176,38777,2392,1113,9925
instructions_T24_idx113_x0_4_x1_2_x2_4.qasm,600,53571,26208,66,25673,1196,428,10995
instructions_T24_idx114_x0_4_x1_2_x2_2_x4_1.qasm,2322,159734,77402,330,75426,4496,2080,12121
instructions_T24_idx115_x0_4_x1_2_x2_1_x3_2.qasm,1970,145294,70608,264,68924,3828,1670,12851
instructions_T24_idx116_x0_4_x1_2_x2_1_x6_1.qasm,3202,205722,99414,462,96756,6184,2906,13661
instructions_T24_idx117_x0_4_x1_2_x3_1_x5_1.qasm,3674,236527,114312,528,111275,7092,3320,16395
instructions_T24_idx118_x0_4_x1_2_x4_2.qasm,808,59561,28930,110,28233,1588,700,8762
instructions_T24_idx119_x0_4_x1_2_x8_1.qasm,1368,88218,42628,198,41482,2660,1250,8776
instructions_T24_idx120_x0_4_x1_1_x2_3_x3_1.qasm,1902,137013,66507,264,64883,3692,1667,10656
instructions_T24_idx121_x0_4_x1_1_x2_2_x5_1.qasm,2758,182671,88381,396,86069,5332,2493,11368
instructions_T24_idx122_x0_4_x1_1_x2_1_x3_1_x4_1.qasm,9492,600833,290267,1320,282663,18296,8287,26902
instructions_T24_idx123_x0_4_x1_1_x2_1_x7_1.qasm,3662,228997,110543,528,107539,7068,3319,12910
instructions_T24_idx124_x0_4_x1_1_x3_3.qasm,688,53898,26241,88,25646,1360,563,8351
instructions_T24_idx125_x0_4_x1_1_x3_1_x6_1.qasm,4286,268356,129553,616,126048,8268,3871,16022
instructions_T24_idx126_x0_4_x1_1_x4_1_x5_1.qasm,4620,290799,140419,660,136661,8912,4147,18387
instructions_T24_idx127_x0_4_x1_1_x9_1.qasm,1512,94219,45461,220,44215,2936,1387,7627
instructions_T24_idx128_x0_4_x2_5.qasm,316,27727,13550,33,13280,646,218,8649
instructions_T24_idx129_x0_4_x2_3_x4_1.qasm,1152,80456,38994,165,38007,2246,1044,8510
instructions_T24_idx130_x0_4_x2_2_x3_2.qasm,980,73294,35624,132,34779,1920,839,8813
instructions_T24_idx131_x0_4_x2_2_x6_1.qasm,1581,103299,49937,231,48606,3068,1457,9465
instructions_T24_idx132_x0_4_x2_1_x3_1_x5_1.qasm,5561,349888,168958,792,164441,10722,4975,25471
instructions_T24_idx133_x0_4_x2_1_x4_2.qasm,1180,83291,40393,165,39386,2302,1045,9521
instructions_T24_idx134_x0_4_x2_1_x8_1.qasm,2034,126473,61024,297,59344,3938,1870,10897
instructions_T24_idx135_x0_4_x3_2_x4_1.qasm,1513,101592,49163,220,47883,2938,1388,11053
instructions_T24_idx136_x0_4_x3_1_x7_1.qasm,2413,150304,72528,352,70543,4666,2215,14272
instructions_T24_idx137_x0_4_x4_1_x6_1.qasm,2649,165708,79978,385,77803,5120,2422,16940
instructions_T24_idx138_x0_4_x5_2.qasm,472,32220,15592,66,15200,940,422,5266
instructions_T24_idx139_x0_4_x10_1.qasm,832,50882,24521,121,23844,1630,766,5568
instructions_T24_idx140_x0_2_x1_11.qasm,312,36491,18033,22,17739,588,109,17411
instructions_T24_idx141_x0_2_x1_9_x2_1.qasm,572,52997,25991,66,25473,1084,383,16976
instructions_T24_idx142_x0_2_x1_8_x3_1.qasm,692,58657,28678,88,28059,1312,520,15822
instructions_T24_idx143_x0_2_x1_7_x2_2.qasm,576,53053,26015,66,25497,1092,383,15412
instructions_T24_idx144_x0_2_x1_7_x4_1.qasm,816,64376,31391,110,30670,1548,657,14669
instructions_T24_idx145_x0_2_x1_6_x2_1_x3_1.qasm,1878,136494,66314,264,64706,3588,1622,17211
instructions_T24_idx146_x0_2_x1_6_x5_1.qasm,944,70152,34128,132,33306,1792,794,13516
instructions_T24_idx147_x0_2_x1_5_x2_3.qasm,580,53109,26039,66,25521,1100,383,13848
instructions_T24_idx148_x0_2_x1_5_x2_1_x4_1.qasm,2302,159270,77233,330,75272,4400,2035,16454
instructions_T24_idx149_x0_2_x1_5_x3_2.qasm,682,56073,27387,88,26787,1292,519,12731
instructions_T24_idx150_x0_2_x1_5_x6_1.qasm,1076,75985,36891,154,35965,2044,931,12364
instructions_T24_idx151_x0_2_x1_4_x2_2_x3_1.qasm,1882,136550,66338,264,64730,3596,1622,14167
instructions_T24_idx152_x0_2_x1_4_x2_1_x5_1.qasm,2738,182208,88212,396,85916,5236,2448,15701
instructions_T24_idx153_x0_2_x1_4_x3_1_x4_1.qasm,3062,204509,99022,440,96463,5860,2724,18057
instructions_T24_idx154_x0_2_x1_4_x7_1.qasm,1212,81870,39674,176,38648,2304,1068,11214
instructions_T24_idx155_x0_2_x1_3_x2_4.qasm,584,53164,26063,66,25544,1108,383,12284
instructions_T24_idx156_x0_2_x1_3_x2_2_x4_1.qasm,2306,159327,77257,330,75297,4408,2035,13410
instructions_T24_idx157_x0_2_x1_3_x2_1_x3_2.qasm,1954,144887,70463,264,68795,3740,1625,14140
instructions_T24_idx158_x0_2_x1_3_x2_1_x6_1.qasm,3186,205315,99269,462,96627,6096,2861,14950
instructions_T24_idx159_x0_2_x1_3_x3_1_x5_1.qasm,3658,236120,114167,528,111146,7004,3275,17684
instructions_T24_idx160_x0_2_x1_3_x4_2.qasm,792,59154,28785,110,28104,1500,655,10051
instructions_T24_idx161_x0_2_x1_3_x8_1.qasm,1352,87811,42483,198,41353,2572,1205,10065
instructions_T24_idx162_x0_2_x1_2_x2_3_x3_1.qasm,1886,136606,66362,264,64754,3604,1622,11945
instructions_T24_idx163_x0_2_x1_2_x2_2_x5_1.qasm,2742,182264,88236,396,85940,5244,2448,12657
instructions_T24_idx164_x0_2_x1_2_x2_1_x3_1_x4_1.qasm,9476,600426,290122,1320,282534,18208,8242,28191
instructions_T24_idx165_x0_2_x1_2_x2_1_x7_1.qasm,3646,228590,110398,528,107410,6980,3274,14199
instructions_T24_idx166_x0_2_x1_2_x3_3.qasm,672,53491,26096,88,25517,1272,518,9640
instructions_T24_idx167_x0_2_x1_2_x3_1_x6_1.qasm,4270,267949,129408,616,125919,8180,3826,17311
instructions_T24_idx168_x0_2_x1_2_x4_1_x5_1.qasm,4604,290392,140274,660,136532,8824,4102,19676
instructions_T24_idx169_x0_2_x1_2_x9_1.qasm,1496,93812,45316,220,44086,2848,1342,8916
instructions_T24_idx170_x0_2_x1_1_x2_5.qasm,588,53221,26087,66,25569,1116,383,10720
instructions_T24_idx171_x0_2_x1_1_x2_3_x4_1.qasm,2310,159383,77281,330,75321,4416,2035,10833
instructions_T24_idx172_x0_2_x1_1_x2_2_x3_2.qasm,1958,144943,70487,264,68819,3748,1625,11096
instructions_T24_idx173_x0_2_x1_1_x2_2_x6_1.qasm,3190,205371,99293,462,96651,6104,2861,11906
instructions_T24_idx174_x0_2_x1_1_x2_1_x3_1_x5_1.qasm,11376,701737,338715,1584,329677,21864,9897,29058
instructions_T24_idx175_x0_2_x1_1_x2_1_x4_2.qasm,2368,165081,80091,330,78091,4532,2037,11856
instructions_T24_idx176_x0_2_x1_1_x2_1_x8_1.qasm,4118,252032,121605,594,118258,7888,3687,13450
instructions_T24_idx177_x0_2_x1_1_x3_2_x4_1.qasm,3052,201926,97731,440,95192,5840,2723,13486
instructions_T24_idx178_x0_2_x1_1_x3_1_x7_1.qasm,4898,300010,144753,704,140788,9388,4377,16941
instructions_T24_idx179_x0_2_x1_1_x4_1_x6_1.qasm,5384,331010,159733,770,155392,10324,4791,19685
instructions_T24_idx180_x0_2_x1_1_x5_2.qasm,906,62291,30207,132,29445,1716,791,7371
instructions_T24_idx181_x0_2_x1_1_x10_1.qasm,1644,99868,48175,242,46840,3132,1479,7768
instructions_T24_idx182_x0_2_x2_4_x3_1.qasm,923,67428,32771,132,31983,1750,792,9398
instructions_T24_idx183_x0_2_x2_3_x5_1.qasm,1340,90106,43645,198,42510,2548,1205,8627
instructions_T24_idx184_x0_2_x2_2_x3_1_x4_1.qasm,4612,297854,144015,660,140237,8840,4102,23085
instructions_T24_idx185_x0_2_x2_2_x7_1.qasm,1781,113112,54657,264,53179,3394,1618,9943
instructions_T24_idx186_x0_2_x2_1_x3_3.qasm,990,75695,36866,132,36018,1884,795,10055
instructions_T24_idx187_x0_2_x2_1_x3_1_x6_1.qasm,6487,398794,192446,924,187221,12446,5757,27387
instructions_T24_idx188_x0_2_x2_1_x4_1_x5_1.qasm,6998,432602,208808,990,203201,13432,6171,32019
instructions_T24_idx189_x0_2_x2_1_x9_1.qasm,2246,136460,65819,330,63992,4288,2031,11377
instructions_T24_idx190_x0_2_x3_2_x5_1.qasm,1779,115541,55875,264,54394,3390,1618,11886
instructions_T24_idx191_x0_2_x3_1_x4_2.qasm,1548,106785,51786,220,50482,2952,1345,12295
instructions_T24_idx192_x0_2_x3_1_x8_1.qasm,2703,164589,79392,396,77190,5166,2445,15111
instructions_T24_idx193_x0_2_x4_1_x7_1.qasm,3015,184276,88899,440,86450,5766,2721,18138
instructions_T24_idx194_x0_2_x5_1_x6_1.qasm,3182,195499,94333,462,91757,6088,2859,20458
instructions_T24_idx195_x0_2_x11_1.qasm,882,52169,25142,132,24438,1668,789,5689
instructions_T24_idx196_x0_0_x1_12.qasm,296,36096,17888,22,17608,500,78,18758
instructions_T24_idx197_x0_0_x1_10_x2_1.qasm,556,52602,25846,66,25342,996,352,18323
instructions_T24_idx198_x0_0_x1_9_x3_1.qasm,676,58262,28533,88,27928,1224,489,17169
instructions_T24_idx199_x0_0_x1_8_x2_2.qasm,560,52658,25870,66,25366,1004,352,16759
instructions_T24_idx200_x0_0_x1_8_x4_1.qasm,800,63981,31246,110,30539,1460,626,16016
instructions_T24_idx201_x0_0_x1_7_x2_1_x3_1.qasm,1862,136099,66169,264,64575,3500,1591,18558
instructions_T24_idx202_x0_0_x1_7_x5_1.qasm,928,69757,33983,132,33175,1704,763,14863
instructions_T24_idx203_x0_0_x1_6_x2_3.qasm,564,52714,25894,66,25390,1012,352,15195
instructions_T24_idx204_x0_0_x1_6_x2_1_x4_1.qasm,2286,158875,77088,330,75141,4312,2004,17801
instructions_T24_idx205_x0_0_x1_6_x3_2.qasm,666,55678,27242,88,26656,1204,488,14078
instructions_T24_idx206_x0_0_x1_6_x6_1.qasm,1060,75590,36746,154,35834,1956,900,13711
instructions_T24_idx207_x0_0_x1_5_x2_2_x3_1.qasm,1866,136155,66193,264,64599,3508,1591,15514
instructions_T24_idx208_x0_0_x1_5_x2_1_x5_1.qasm,2722,181813,88067,396,85785,5148,2417,17048
instructions_T24_idx209_x0_0_x1_5_x3_1_x4_1.qasm,3046,204114,98877,440,96332,5772,2693,19404
instructions_T24_idx210_x0_0_x1_5_x7_1.qasm,1196,81475,39529,176,38517,2216,1037,12561
instructions_T24_idx211_x0_0_x1_4_x2_4.qasm,568,52769,25918,66,25413,1020,352,13631
instructions_T24_idx212_x0_0_x1_4_x2_2_x4_1.qasm,2290,158932,77112,330,75166,4320,2004,14757
instructions_T24_idx213_x0_0_x1_4_x2_1_x3_2.qasm,1938,144492,70318,264,68664,3652,1594,15487
instructions_T24_idx214_x0_0_x1_4_x2_1_x6_1.qasm,3170,204920,99124,462,96496,6008,2830,16297
instructions_T24_idx215_x0_0_x1_4_x3_1_x5_1.qasm,3642,235725,114022,528,111015,6916,3244,19031
instructions_T24_idx216_x0_0_x1_4_x4_2.qasm,776,58759,28640,110,27973,1412,624,11398
instructions_T24_idx217_x0_0_x1_4_x8_1.qasm,1336,87416,42338,198,41222,2484,1174,11412
instructions_T24_idx218_x0_0_x1_3_x2_3_x3_1.qasm,1870,136211,66217,264,64623,3516,1591,13292
instructions_T24_idx219_x0_0_x1_3_x2_2_x5_1.qasm,2726,181869,88091,396,85809,5156,2417,14004
instructions_T24_idx220_x0_0_x1_3_x2_1_x3_1_x4_1.qasm,9460,600031,289977,1320,282403,18120,8211,29538
instructions_T24_idx221_x0_0_x1_3_x2_1_x7_1.qasm,3630,228195,110253,528,107279,6892,3243,15546
instructions_T24_idx222_x0_0_x1_3_x3_3.qasm,656,53096,25951,88,25386,1184,487,10987
instructions_T24_idx223_x0_0_x1_3_x3_1_x6_1.qasm,4254,267554,129263,616,125788,8092,3795,18658
instructions_T24_idx224_x0_0_x1_3_x4_1_x5_1.qasm,4588,289997,140129,660,136401,8736,4071,21023
instructions_T24_idx225_x0_0_x1_3_x9_1.qasm,1480,93417,45171,220,43955,2760,1311,10263
instructions_T24_idx226_x0_0_x1_2_x2_5.qasm,572,52826,25942,66,25438,1028,352,12067
instructions_T24_idx227_x0_0_x1_2_x2_3_x4_1.qasm,2294,158988,77136,330,75190,4328,2004,12180
instructions_T24_idx228_x0_0_x1_2_x2_2_x3_2.qasm,1942,144548,70342,264,68688,3660,1594,12443
instructions_T24_idx229_x0_0_x1_2_x2_2_x6_1.qasm,3174,204976,99148,462,96520,6016,2830,13253
instructions_T24_idx230_x0_0_x1_2_x2_1_x3_1_x5_1.qasm,11360,701342,338570,1584,329546,21776,9866,30405
instructions_T24_idx231_x0_0_x1_2_x2_1_x4_2.qasm,2352,164686,79946,330,77960,4444,2006,13203
instructions_T24_idx232_x0_0_x1_2_x2_1_x8_1.qasm,4102,251637,121460,594,118127,7800,3656,14797
instructions_T24_idx233_x0_0_x1_2_x3_2_x4_1.qasm,3036,201531,97586,440,95061,5752,2692,14833
instructions_T24_idx234_x0_0_x1_2_x3_1_x7_1.qasm,4882,299615,144608,704,140657,9300,4346,18288
instructions_T24_idx235_x0_0_x1_2_x4_1_x6_1.qasm,5368,330615,159588,770,155261,10236,4760,21032
instructions_T24_idx236_x0_0_x1_2_x5_2.qasm,890,61896,30062,132,29314,1628,760,8718
instructions_T24_idx237_x0_0_x1_2_x10_1.qasm,1628,99473,48030,242,46709,3044,1448,9115
instructions_T24_idx238_x0_0_x1_1_x2_4_x3_1.qasm,1874,136267,66241,264,64647,3524,1591,11728
instructions_T24_idx239_x0_0_x1_1_x2_3_x5_1.qasm,2730,181924,88115,396,85832,5164,2417,11070
instructions_T24_idx240_x0_0_x1_1_x2_2_x3_1_x4_1.qasm,9464,600087,290001,1320,282427,18128,8211,26494
instructions_T24_idx241_x0_0_x1_1_x2_2_x7_1.qasm,3634,228251,110277,528,107303,6900,3243,12502
instructions_T24_idx242_x0_0_x1_1_x2_1_x3_3.qasm,2014,152884,74467,264,72752,3804,1597,12416
instructions_T24_idx243_x0_0_x1_1_x2_1_x3_1_x6_1.qasm,13308,803283,387427,1848,376959,25528,11521,31266
instructions_T24_idx244_x0_0_x1_1_x2_1_x4_1_x5_1.qasm,14360,871297,420307,1980,409101,27560,12349,36040
instructions_T24_idx245_x0_0_x1_1_x2_1_x9_1.qasm,4586,275255,132733,660,129061,8732,4069,14046
instructions_T24_idx246_x0_0_x1_1_x3_2_x5_1.qasm,3632,233142,112731,528,109744,6896,3243,14460
instructions_T24_idx247_x0_0_x1_1_x3_1_x4_2.qasm,3160,215482,104485,440,101860,6000,2697,14816
instructions_T24_idx248_x0_0_x1_1_x3_1_x8_1.qasm,5526,331884,160041,792,155614,10540,4897,17915
instructions_T24_idx249_x0_0_x1_1_x4_1_x7_1.qasm,6168,371502,179157,880,174240,11776,5449,21037
instructions_T24_idx250_x0_0_x1_1_x5_1_x6_1.qasm,6512,394089,190085,924,184915,12440,5725,23406
instructions_T24_idx251_x0_0_x1_1_x11_1.qasm,1780,105583,50911,264,49487,3336,1585,7966
instructions_T24_idx252_x0_0_x2_6.qasm,269,24270,11939,33,11717,440,141,9711
instructions_T24_idx253_x0_0_x2_4_x4_1.qasm,1105,76999,37383,165,36444,2040,967,9572
instructions_T24_idx254_x0_0_x2_3_x3_2.qasm,933,69838,34013,132,33217,1714,762,9218
instructions_T24_idx255_x0_0_x2_3_x6_1.qasm,1534,99843,48326,231,47044,2862,1380,9047
instructions_T24_idx256_x0_0_x2_2_x3_1_x5_1.qasm,5514,346432,167347,792,162879,10516,4898,25053
instructions_T24_idx257_x0_0_x2_2_x4_2.qasm,1133,79834,38782,165,37823,2096,968,9103
instructions_T24_idx258_x0_0_x2_2_x8_1.qasm,1987,123017,59413,297,57782,3732,1793,10479
instructions_T24_idx259_x0_0_x2_1_x3_2_x4_1.qasm,4622,300265,145257,660,141472,8804,4072,22905
instructions_T24_idx260_x0_0_x2_1_x3_1_x7_1.qasm,7437,448035,216066,1056,210142,14218,6553,29355
instructions_T24_idx261_x0_0_x2_1_x4_1_x6_1.qasm,8180,494731,238620,1155,232132,15650,7174,34703
instructions_T24_idx262_x0_0_x2_1_x5_2.qasm,1339,89920,43590,198,42468,2490,1174,9813
instructions_T24_idx263_x0_0_x2_1_x10_1.qasm,2464,146534,70647,363,68668,4650,2206,11913
instructions_T24_idx264_x0_0_x3_4.qasm,304,23088,11287,44,11045,504,208,7101
instructions_T24_idx265_x0_0_x3_2_x6_1.qasm,2053,129615,62639,308,60948,3858,1862,12780
instructions_T24_idx266_x0_0_x3_1_x4_1_x5_1.qasm,9442,575314,277566,1320,270135,18084,8209,46971
instructions_T24_idx267_x0_0_x3_1_x9_1.qasm,3001,179004,86300,440,83893,5682,2689,16005
instructions_T24_idx268_x0_0_x4_3.qasm,356,24586,11967,55,11686,602,276,5974
instructions_T24_idx269_x0_0_x4_1_x8_1.qasm,3391,202986,97875,495,95150,6432,3034,19390
instructions_T24_idx270_x0_0_x5_1_x7_1.qasm,3634,218491,105365,528,102457,6900,3241,22068
instructions_T24_idx271_x0_0_x6_2.qasm,481,30319,14686,77,14303,840,413,5202
instructions_T24_idx272_x0_0_x12_1.qasm,934,53497,25774,143,25044,1710,826,5867
instructions_T26_idx001_x0_26.qasm,464,39978,19136,16,18685,1560,581,3247
instructions_T26_idx002_x0_24_x1_1.qasm,504,43635,20955,22,20465,1588,605,4760
instructions_T26_idx003_x0_22_x1_2.qasm,488,43228,20810,22,20336,1500,560,6048
instructions_T26_idx004_x0_22_x2_1.qasm,536,44669,21466,33,20952,1590,628,4871
instructions_T26_idx005_x0_20_x1_3.qasm,472,42821,20665,22,20207,1412,515,7337
instructions_T26_idx006_x0_20_x1_1_x2_1.qasm,732,59327,28623,66,27941,1908,789,6902
instructions_T26_idx007_x0_20_x3_1.qasm,570,45732,21990,44,21451,1596,651,4983
instructions_T26_idx008_x0_18_x1_4.qasm,456,42414,20520,22,20078,1324,470,8626
instructions_T26_idx009_x0_18_x1_2_x2_1.qasm,716,58920,28478,66,27812,1820,744,8191
instructions_T26_idx010_x0_18_x1_1_x3_1.qasm,836,64580,31165,88,30398,2048,881,7037
instructions_T26_idx011_x0_18_x2_2.qasm,489,41202,19855,33,19393,1384,537,5875
instructions_T26_idx012_x0_18_x4_1.qasm,606,46822,22525,55,21962,1606,674,5098
instructions_T26_idx013_x0_16_x1_5.qasm,440,42007,20375,22,19949,1236,425,9915
instructions_T26_idx014_x0_16_x1_3_x2_1.qasm,700,58513,28333,66,27683,1732,699,9480
instructions_T26_idx015_x0_16_x1_2_x3_1.qasm,820,64173,31020,88,30269,1960,836,8326
instructions_T26_idx016_x0_16_x1_1_x2_2.qasm,704,58569,28357,66,27707,1740,699,7916
instructions_T26_idx017_x0_16_x1_1_x4_1.qasm,944,69892,33733,110,32880,2196,973,7173
instructions_T26_idx018_x0_16_x2_1_x3_1.qasm,1096,80903,39076,132,38096,2488,1111,8761
instructions_T26_idx019_x0_16_x5_1.qasm,644,47941,23073,66,22485,1620,697,5214
instructions_T26_idx020_x0_14_x1_6.qasm,424,41600,20230,22,19820,1148,380,11204
instructions_T26_idx021_x0_14_x1_4_x2_1.qasm,684,58106,28188,66,27554,1644,654,10769
instructions_T26_idx022_x0_14_x1_3_x3_1.qasm,804,63766,30875,88,30140,1872,791,9615
instructions_T26_idx023_x0_14_x1_2_x2_2.qasm,688,58162,28212,66,27578,1652,654,9205
instructions_T26_idx024_x0_14_x1_2_x4_1.qasm,928,69485,33588,110,32751,2108,928,8462
instructions_T26_idx025_x0_14_x1_1_x2_1_x3_1.qasm,1990,141603,68511,264,66787,4148,1893,11004
instructions_T26_idx026_x0_14_x1_1_x5_1.qasm,1056,75261,36325,132,35387,2352,1065,7309
instructions_T26_idx027_x0_14_x2_3.qasm,442,37735,18244,33,17834,1178,446,6879
instructions_T26_idx028_x0_14_x2_1_x4_1.qasm,1278,90464,43688,165,42561,2778,1272,9231
instructions_T26_idx029_x0_14_x3_2.qasm,492,39205,18913,44,18462,1272,514,5749
instructions_T26_idx030_x0_14_x6_1.qasm,684,49088,23633,77,23020,1638,720,5330
instructions_T26_idx031_x0_12_x1_7.qasm,408,41193,20085,22,19691,1060,335,12493
instructions_T26_idx032_x0_12_x1_5_x2_1.qasm,668,57699,28043,66,27425,1556,609,12058
instructions_T26_idx033_x0_12_x1_4_x3_1.qasm,788,63359,30730,88,30011,1784,746,10904
instructions_T26_idx034_x0_12_x1_3_x2_2.qasm,672,57755,28067,66,27449,1564,609,10494
instructions_T26_idx035_x0_12_x1_3_x4_1.qasm,912,69078,33443,110,32622,2020,883,9751
instructions_T26_idx036_x0_12_x1_2_x2_1_x3_1.qasm,1974,141196,68366,264,66658,4060,1848,12293
instructions_T26_idx037_x0_12_x1_2_x5_1.qasm,1040,74854,36180,132,35258,2264,1020,8598
instructions_T26_idx038_x0_12_x1_1_x2_3.qasm,676,57811,28091,66,27473,1572,609,8930
instructions_T26_idx039_x0_12_x1_1_x2_1_x4_1.qasm,2398,163972,79285,330,77224,4872,2261,11536
instructions_T26_idx040_x0_12_x1_1_x3_2.qasm,778,60775,29439,88,28739,1764,745,7813
instructions_T26_idx041_x0_12_x1_1_x6_1.qasm,1172,80687,38943,154,37917,2516,1157,7446
instructions_T26_idx042_x0_12_x2_2_x3_1.qasm,1049,77436,37465,132,36537,2282,1020,8285
instructions_T26_idx043_x0_12_x2_1_x5_1.qasm,1466,100114,48339,198,47064,3080,1433,9703
instructions_T26_idx044_x0_12_x3_1_x4_1.qasm,1623,111192,53712,220,52307,3382,1571,12005
instructions_T26_idx045_x0_12_x7_1.qasm,726,50264,24206,88,23567,1660,743,5447
instructions_T26_idx046_x0_10_x1_8.qasm,392,40786,19940,22,19562,972,290,13782
instructions_T26_idx047_x0_10_x1_6_x2_1.qasm,652,57292,27898,66,27296,1468,564,13347
instructions_T26_idx048_x0_10_x1_5_x3_1.qasm,772,62952,30585,88,29882,1696,701,12193
instructions_T26_idx049_x0_10_x1_4_x2_2.qasm,656,57348,27922,66,27320,1476,564,11783
instructions_T26_idx050_x0_10_x1_4_x4_1.qasm,896,68671,33298,110,32493,1932,838,11040
instructions_T26_idx051_x0_10_x1_3_x2_1_x3_1.qasm,1958,140789,68221,264,66529,3972,1803,13582
instructions_T26_idx052_x0_10_x1_3_x5_1.qasm,1024,74447,36035,132,35129,2176,975,9887
instructions_T26_idx053_x0_10_x1_2_x2_3.qasm,660,57404,27946,66,27344,1484,564,10219
instructions_T26_idx054_x0_10_x1_2_x2_1_x4_1.qasm,2382,163565,79140,330,77095,4784,2216,12825
instructions_T26_idx055_x0_10_x1_2_x3_2.qasm,762,60368,29294,88,28610,1676,700,9102
instructions_T26_idx056_x0_10_x1_2_x6_1.qasm,1156,80280,38798,154,37788,2428,1112,8735
instructions_T26_idx057_x0_10_x1_1_x2_2_x3_1.qasm,1962,140845,68245,264,66553,3980,1803,10538
instructions_T26_idx058_x0_10_x1_1_x2_1_x5_1.qasm,2818,186503,90119,396,87739,5620,2629,12072
instructions_T26_idx059_x0_10_x1_1_x3_1_x4_1.qasm,3142,208804,100929,440,98286,6244,2905,14428
instructions_T26_idx060_x0_10_x1_1_x7_1.qasm,1292,86165,41581,176,40471,2688,1249,7585
instructions_T26_idx061_x0_10_x2_4.qasm,395,34268,16633,33,16275,972,355,7883
instructions_T26_idx062_x0_10_x2_2_x4_1.qasm,1231,86997,42077,165,41002,2572,1181,8755
instructions_T26_idx063_x0_10_x2_1_x3_2.qasm,1059,79835,38707,132,37774,2246,976,9527
instructions_T26_idx064_x0_10_x2_1_x6_1.qasm,1660,109840,53020,231,51601,3394,1594,10179
instructions_T26_idx065_x0_10_x3_1_x5_1.qasm,1889,125142,60424,264,58819,3834,1801,12838
instructions_T26_idx066_x0_10_x4_2.qasm,497,37234,17982,55,17542,1164,491,5626
instructions_T26_idx067_x0_10_x8_1.qasm,770,51465,24789,99,24125,1686,766,5566
instructions_T26_idx068_x0_8_x1_9.qasm,376,40379,19795,22,19433,884,245,15071
instructions_T26_idx069_x0_8_x1_7_x2_1.qasm,636,56885,27753,66,27167,1380,519,14636
instructions_T26_idx070_x0_8_x1_6_x3_1.qasm,756,62545,30440,88,29753,1608,656,13482
instructions_T26_idx071_x0_8_x1_5_x2_2.qasm,640,56941,27777,66,27191,1388,519,13072
instructions_T26_idx072_x0_8_x1_5_x4_1.qasm,880,68264,33153,110,32364,1844,793,12329
instructions_T26_idx073_x0_8_x1_4_x2_1_x3_1.qasm,1942,140382,68076,264,66400,3884,1758,14871
instructions_T26_idx074_x0_8_x1_4_x5_1.qasm,1008,74040,35890,132,35000,2088,930,11176
instructions_T26_idx075_x0_8_x1_3_x2_3.qasm,644,56997,27801,66,27215,1396,519,11508
instructions_T26_idx076_x0_8_x1_3_x2_1_x4_1.qasm,2366,163158,78995,330,76966,4696,2171,14114
instructions_T26_idx077_x0_8_x1_3_x3_2.qasm,746,59961,29149,88,28481,1588,655,10391
instructions_T26_idx078_x0_8_x1_3_x6_1.qasm,1140,79873,38653,154,37659,2340,1067,10024
instructions_T26_idx079_x0_8_x1_2_x2_2_x3_1.qasm,1946,140438,68100,264,66424,3892,1758,11827
instructions_T26_idx080_x0_8_x1_2_x2_1_x5_1.qasm,2802,186096,89974,396,87610,5532,2584,13361
instructions_T26_idx081_x0_8_x1_2_x3_1_x4_1.qasm,3126,208397,100784,440,98157,6156,2860,15717
instructions_T26_idx082_x0_8_x1_2_x7_1.qasm,1276,85758,41436,176,40342,2600,1204,8874
instructions_T26_idx083_x0_8_x1_1_x2_4.qasm,648,57052,27825,66,27238,1404,519,9944
instructions_T26_idx084_x0_8_x1_1_x2_2_x4_1.qasm,2370,163215,79019,330,76991,4704,2171,11070
instructions_T26_idx085_x0_8_x1_1_x2_1_x3_2.qasm,2018,148775,72225,264,70489,4036,1761,11800
instructions_T26_idx086_x0_8_x1_1_x2_1_x6_1.qasm,3250,209203,101031,462,98321,6392,2997,12610
instructions_T26_idx087_x0_8_x1_1_x3_1_x5_1.qasm,3722,240008,115929,528,112840,7300,3411,15344
instructions_T26_idx088_x0_8_x1_1_x4_2.qasm,856,63042,30547,110,29798,1796,791,7711
instructions_T26_idx089_x0_8_x1_1_x8_1.qasm,1416,91699,44245,198,43047,2868,1341,7725
instructions_T26_idx090_x0_8_x2_3_x3_1.qasm,1002,73969,35854,132,34978,2076,929,8632
instructions_T26_idx091_x0_8_x2_2_x5_1.qasm,1419,96647,46728,198,45505,2874,1342,9227
instructions_T26_idx092_x0_8_x2_1_x3_1_x4_1.qasm,4691,304395,147098,660,143232,9166,4239,23799
instructions_T26_idx093_x0_8_x2_1_x7_1.qasm,1860,119653,57740,264,56174,3720,1755,10657
instructions_T26_idx094_x0_8_x3_3.qasm,414,32678,15836,44,15473,948,377,6515
instructions_T26_idx095_x0_8_x3_1_x6_1.qasm,2163,139204,67188,308,65375,4302,2031,13674
instructions_T26_idx096_x0_8_x4_1_x5_1.qasm,2325,150359,72594,330,70652,4614,2169,15984
instructions_T26_idx097_x0_8_x9_1.qasm,816,52697,25385,110,24697,1716,789,5686
instructions_T26_idx098_x0_6_x1_10.qasm,360,39972,19650,22,19304,796,200,16360
instructions_T26_idx099_x0_6_x1_8_x2_1.qasm,620,56478,27608,66,27038,1292,474,15925
instructions_T26_idx100_x0_6_x1_7_x3_1.qasm,740,62138,30295,88,29624,1520,611,14771
instructions_T26_idx101_x0_6_x1_6_x2_2.qasm,624,56534,27632,66,27062,1300,474,14361
instructions_T26_idx102_x0_6_x1_6_x4_1.qasm,864,67857,33008,110,32235,1756,748,13618
instructions_T26_idx103_x0_6_x1_5_x2_1_x3_1.qasm,1926,139975,67931,264,66271,3796,1713,16160
instructions_T26_idx104_x0_6_x1_5_x5_1.qasm,992,73633,35745,132,34871,2000,885,12465
instructions_T26_idx105_x0_6_x1_4_x2_3.qasm,628,56590,27656,66,27086,1308,474,12797
instructions_T26_idx106_x0_6_x1_4_x2_1_x4_1.qasm,2350,162751,78850,330,76837,4608,2126,15403
instructions_T26_idx107_x0_6_x1_4_x3_2.qasm,730,59554,29004,88,28352,1500,610,11680
instructions_T26_idx108_x0_6_x1_4_x6_1.qasm,1124,79466,38508,154,37530,2252,1022,11313
instructions_T26_idx109_x0_6_x1_3_x2_2_x3_1.qasm,1930,140031,67955,264,66295,3804,1713,13116
instructions_T26_idx110_x0_6_x1_3_x2_1_x5_1.qasm,2786,185689,89829,396,87481,5444,2539,14650
instructions_T26_idx111_x0_6_x1_3_x3_1_x4_1.qasm,3110,207990,100639,440,98028,6068,2815,17006
instructions_T26_idx112_x0_6_x1_3_x7_1.qasm,1260,85351,41291,176,40213,2512,1159,10163
instructions_T26_idx113_x0_6_x1_2_x2_4.qasm,632,56645,27680,66,27109,1316,474,11233
instructions_T26_idx114_x0_6_x1_2_x2_2_x4_1.qasm,2354,162808,78874,330,76862,4616,2126,12359
instructions_T26_idx115_x0_6_x1_2_x2_1_x3_2.qasm,2002,148368,72080,264,70360,3948,1716,13089
instructions_T26_idx116_x0_6_x1_2_x2_1_x6_1.qasm,3234,208796,100886,462,98192,6304,2952,13899
instructions_T26_idx117_x0_6_x1_2_x3_1_x5_1.qasm,3706,239601,115784,528,112711,7212,3366,16633
instructions_T26_idx118_x0_6_x1_2_x4_2.qasm,840,62635,30402,110,29669,1708,746,9000
instructions_T26_idx119_x0_6_x1_2_x8_1.qasm,1400,91292,44100,198,42918,2780,1296,9014
instructions_T26_idx120_x0_6_x1_1_x2_3_x3_1.qasm,1934,140087,67979,264,66319,3812,1713,10894
instructions_T26_idx121_x0_6_x1_1_x2_2_x5_1.qasm,2790,185745,89853,396,87505,5452,2539,11606
instructions_T26_idx122_x0_6_x1_1_x2_1_x3_1_x4_1.qasm,9524,603907,291739,1320,284099,18416,8333,27140
instructions_T26_idx123_x0_6_x1_1_x2_1_x7_1.qasm,3694,232071,112015,528,108975,7188,3365,13148
instructions_T26_idx124_x0_6_x1_1_x3_3.qasm,720,56972,27713,88,27082,1480,609,8589
instructions_T26_idx125_x0_6_x1_1_x3_1_x6_1.qasm,4318,271430,131025,616,127484,8388,3917,16260
instructions_T26_idx126_x0_6_x1_1_x4_1_x5_1.qasm,4652,293873,141891,660,138097,9032,4193,18625
instructions_T26_idx127_x0_6_x1_1_x9_1.qasm,1544,97293,46933,220,45651,3056,1433,7865
instructions_T26_idx128_x0_6_x2_5.qasm,348,30801,15022,33,14716,766,264,8887
instructions_T26_idx129_x0_6_x2_3_x4_1.qasm,1184,83530,40466,165,39443,2366,1090,8748
instructions_T26_idx130_x0_6_x2_2_x3_2.qasm,1012,76368,37096,132,36215,2040,885,9051
instructions_T26_idx131_x0_6_x2_2_x6_1.qasm,1613,106373,51409,231,50042,3188,1503,9703
instructions_T26_idx132_x0_6_x2_1_x3_1_x5_1.qasm,5593,352962,170430,792,165877,10842,5021,25709
instructions_T26_idx133_x0_6_x2_1_x4_2.qasm,1212,86365,41865,165,40822,2422,1091,9759
instructions_T26_idx134_x0_6_x2_1_x8_1.qasm,2066,129547,62496,297,60780,4058,1916,11135
instructions_T26_idx135_x0_6_x3_2_x4_1.qasm,1545,104666,50635,220,49319,3058,1434,11291
instructions_T26_idx136_x0_6_x3_1_x7_1.qasm,2445,153378,74000,352,71979,4786,2261,14510
instructions_T26_idx137_x0_6_x4_1_x6_1.qasm,2681,168782,81450,385,79239,5240,2468,17178
instructions_T26_idx138_x0_6_x5_2.qasm,504,35294,17064,66,16636,1060,468,5504
instructions_T26_idx139_x0_6_x10_1.qasm,864,53956,25993,121,25280,1750,812,5806
instructions_T26_idx140_x0_4_x1_11.qasm,344,39565,19505,22,19175,708,155,17649
instructions_T26_idx141_x0_4_x1_9_x2_1.qasm,604,56071,27463,66,26909,1204,429,17214
instructions_T26_idx142_x0_4_x1_8_x3_1.qasm,724,61731,30150,88,29495,1432,566,16060
instructions_T26_idx143_x0_4_x1_7_x2_2.qasm,608,56127,27487,66,26933,1212,429,15650
instructions_T26_idx144_x0_4_x1_7_x4_1.qasm,848,67450,32863,110,32106,1668,703,14907
instructions_T26_idx145_x0_4_x1_6_x2_1_x3_1.qasm,1910,139568,67786,264,66142,3708,1668,17449
instructions_T26_idx146_x0_4_x1_6_x5_1.qasm,976,73226,35600,132,34742,1912,840,13754
instructions_T26_idx147_x0_4_x1_5_x2_3.qasm,612,56183,27511,66,26957,1220,429,14086
instructions_T26_idx148_x0_4_x1_5_x2_1_x4_1.qasm,2334,162344,78705,330,76708,4520,2081,16692
instructions_T26_idx149_x0_4_x1_5_x3_2.qasm,714,59147,28859,88,28223,1412,565,12969
instructions_T26_idx150_x0_4_x1_5_x6_1.qasm,1108,79059,38363,154,37401,2164,977,12602
instructions_T26_idx151_x0_4_x1_4_x2_2_x3_1.qasm,1914,139624,67810,264,66166,3716,1668,14405
instructions_T26_idx152_x0_4_x1_4_x2_1_x5_1.qasm,2770,185282,89684,396,87352,5356,2494,15939
instructions_T26_idx153_x0_4_x1_4_x3_1_x4_1.qasm,3094,207583,100494,440,97899,5980,2770,18295
instructions_T26_idx154_x0_4_x1_4_x7_1.qasm,1244,84944,41146,176,40084,2424,1114,11452
instructions_T26_idx155_x0_4_x1_3_x2_4.qasm,616,56238,27535,66,26980,1228,429,12522
instructions_T26_idx156_x0_4_x1_3_x2_2_x4_1.qasm,2338,162401,78729,330,76733,4528,2081,13648
instructions_T26_idx157_x0_4_x1_3_x2_1_x3_2.qasm,1986,147961,71935,264,70231,3860,1671,14378
instructions_T26_idx158_x0_4_x1_3_x2_1_x6_1.qasm,3218,208389,100741,462,98063,6216,2907,15188
instructions_T26_idx159_x0_4_x1_3_x3_1_x5_1.qasm,3690,239194,115639,528,112582,7124,3321,17922
instructions_T26_idx160_x0_4_x1_3_x4_2.qasm,824,62228,30257,110,29540,1620,701,10289
instructions_T26_idx161_x0_4_x1_3_x8_1.qasm,1384,90885,43955,198,42789,2692,1251,10303
instructions_T26_idx162_x0_4_x1_2_x2_3_x3_1.qasm,1918,139680,67834,264,66190,3724,1668,12183
instructions_T26_idx163_x0_4_x1_2_x2_2_x5_1.qasm,2774,185338,89708,396,87376,5364,2494,12895
instructions_T26_idx164_x0_4_x1_2_x2_1_x3_1_x4_1.qasm,9508,603500,291594,1320,283970,18328,8288,28429
instructions_T26_idx165_x0_4_x1_2_x2_1_x7_1.qasm,3678,231664,111870,528,108846,7100,3320,14437
instructions_T26_idx166_x0_4_x1_2_x3_3.qasm,704,56565,27568,88,26953,1392,564,9878
instructions_T26_idx167_x0_4_x1_2_x3_1_x6_1.qasm,4302,271023,130880,616,127355,8300,3872,17549
instructions_T26_idx168_x0_4_x1_2_x4_1_x5_1.qasm,4636,293466,141746,660,137968,8944,4148,19914
instructions_T26_idx169_x0_4_x1_2_x9_1.qasm,1528,96886,46788,220,45522,2968,1388,9154
instructions_T26_idx170_x0_4_x1_1_x2_5.qasm,620,56295,27559,66,27005,1236,429,10958
instructions_T26_idx171_x0_4_x1_1_x2_3_x4_1.qasm,2342,162457,78753,330,76757,4536,2081,11071
instructions_T26_idx172_x0_4_x1_1_x2_2_x3_2.qasm,1990,148017,71959,264,70255,3868,1671,11334
instructions_T26_idx173_x0_4_x1_1_x2_2_x6_1.qasm,3222,208445,100765,462,98087,6224,2907,12144
instructions_T26_idx174_x0_4_x1_1_x2_1_x3_1_x5_1.qasm,11408,704811,340187,1584,331113,21984,9943,29296
instructions_T26_idx175_x0_4_x1_1_x2_1_x4_2.qasm,2400,168155,81563,330,79527,4652,2083,12094
instructions_T26_idx176_x0_4_x1_1_x2_1_x8_1.qasm,4150,255106,123077,594,119694,8008,3733,13688
instructions_T26_idx177_x0_4_x1_1_x3_2_x4_1.qasm,3084,205000,99203,440,96628,5960,2769,13724
instructions_T26_idx178_x0_4_x1_1_x3_1_x7_1.qasm,4930,303084,146225,704,142224,9508,4423,17179
instructions_T26_idx179_x0_4_x1_1_x4_1_x6_1.qasm,5416,334084,161205,770,156828,10444,4837,19923
instructions_T26_idx180_x0_4_x1_1_x5_2.qasm,938,65365,31679,132,30881,1836,837,7609
instructions_T26_idx181_x0_4_x1_1_x10_1.qasm,1676,102942,49647,242,48276,3252,1525,8006
instructions_T26_idx182_x0_4_x2_4_x3_1.qasm,955,70502,34243,132,33419,1870,838,9636
instructions_T26_idx183_x0_4_x2_3_x5_1.qasm,1372,93180,45117,198,43946,2668,1251,8865
instructions_T26_idx184_x0_4_x2_2_x3_1_x4_1.qasm,4644,300928,145487,660,141673,8960,4148,23323
instructions_T26_idx185_x0_4_x2_2_x7_1.qasm,1813,116186,56129,264,54615,3514,1664,10181
instructions_T26_idx186_x0_4_x2_1_x3_3.qasm,1022,78769,38338,132,37454,2004,841,10293
instructions_T26_idx187_x0_4_x2_1_x3_1_x6_1.qasm,6519,401868,193918,924,188657,12566,5803,27625
instructions_T26_idx188_x0_4_x2_1_x4_1_x5_1.qasm,7030,435676,210280,990,204637,13552,6217,32257
instructions_T26_idx189_x0_4_x2_1_x9_1.qasm,2278,139534,67291,330,65428,4408,2077,11615
instructions_T26_idx190_x0_4_x3_2_x5_1.qasm,1811,118615,57347,264,55830,3510,1664,12124
instructions_T26_idx191_x0_4_x3_1_x4_2.qasm,1580,109859,53258,220,51918,3072,1391,12533
instructions_T26_idx192_x0_4_x3_1_x8_1.qasm,2735,167663,80864,396,78626,5286,2491,15349
instructions_T26_idx193_x0_4_x4_1_x7_1.qasm,3047,187350,90371,440,87886,5886,2767,18376
instructions_T26_idx194_x0_4_x5_1_x6_1.qasm,3214,198573,95805,462,93193,6208,2905,20696
instructions_T26_idx195_x0_4_x11_1.qasm,914,55243,26614,132,25874,1788,835,5927
instructions_T26_idx196_x0_2_x1_12.qasm,328,39158,19360,22,19046,620,110,18938
instructions_T26_idx197_x0_2_x1_10_x2_1.qasm,588,55664,27318,66,26780,1116,384,18503
instructions_T26_idx198_x0_2_x1_9_x3_1.qasm,708,61324,30005,88,29366,1344,521,17349
instructions_T26_idx199_x0_2_x1_8_x2_2.qasm,592,55720,27342,66,26804,1124,384,16939
instructions_T26_idx200_x0_2_x1_8_x4_1.qasm,832,67043,32718,110,31977,1580,658,16196
instructions_T26_idx201_x0_2_x1_7_x2_1_x3_1.qasm,1894,139161,67641,264,66013,3620,1623,18738
instructions_T26_idx202_x0_2_x1_7_x5_1.qasm,960,72819,35455,132,34613,1824,795,15043
instructions_T26_idx203_x0_2_x1_6_x2_3.qasm,596,55776,27366,66,26828,1132,384,15375
instructions_T26_idx204_x0_2_x1_6_x2_1_x4_1.qasm,2318,161937,78560,330,76579,4432,2036,17981
instructions_T26_idx205_x0_2_x1_6_x3_2.qasm,698,58740,28714,88,28094,1324,520,14258
instructions_T26_idx206_x0_2_x1_6_x6_1.qasm,1092,78652,38218,154,37272,2076,932,13891
instructions_T26_idx207_x0_2_x1_5_x2_2_x3_1.qasm,1898,139217,67665,264,66037,3628,1623,15694
instructions_T26_idx208_x0_2_x1_5_x2_1_x5_1.qasm,2754,184875,89539,396,87223,5268,2449,17228
instructions_T26_idx209_x0_2_x1_5_x3_1_x4_1.qasm,3078,207176,100349,440,97770,5892,2725,19584
instructions_T26_idx210_x0_2_x1_5_x7_1.qasm,1228,84537,41001,176,39955,2336,1069,12741
instructions_T26_idx211_x0_2_x1_4_x2_4.qasm,600,55831,27390,66,26851,1140,384,13811
instructions_T26_idx212_x0_2_x1_4_x2_2_x4_1.qasm,2322,161994,78584,330,76604,4440,2036,14937
instructions_T26_idx213_x0_2_x1_4_x2_1_x3_2.qasm,1970,147554,71790,264,70102,3772,1626,15667
instructions_T26_idx214_x0_2_x1_4_x2_1_x6_1.qasm,3202,207982,100596,462,97934,6128,2862,16477
instructions_T26_idx215_x0_2_x1_4_x3_1_x5_1.qasm,3674,238787,115494,528,112453,7036,3276,19211
instructions_T26_idx216_x0_2_x1_4_x4_2.qasm,808,61821,30112,110,29411,1532,656,11578
instructions_T26_idx217_x0_2_x1_4_x8_1.qasm,1368,90478,43810,198,42660,2604,1206,11592
instructions_T26_idx218_x0_2_x1_3_x2_3_x3_1.qasm,1902,139273,67689,264,66061,3636,1623,13472
instructions_T26_idx219_x0_2_x1_3_x2_2_x5_1.qasm,2758,184931,89563,396,87247,5276,2449,14184
instructions_T26_idx220_x0_2_x1_3_x2_1_x3_1_x4_1.qasm,9492,603093,291449,1320,283841,18240,8243,29718
instructions_T26_idx221_x0_2_x1_3_x2_1_x7_1.qasm,3662,231257,111725,528,108717,7012,3275,15726
instructions_T26_idx222_x0_2_x1_3_x3_3.qasm,688,56158,27423,88,26824,1304,519,11167
instructions_T26_idx223_x0_2_x1_3_x3_1_x6_1.qasm,4286,270616,130735,616,127226,8212,3827,18838
instructions_T26_idx224_x0_2_x1_3_x4_1_x5_1.qasm,4620,293059,141601,660,137839,8856,4103,21203
instructions_T26_idx225_x0_2_x1_3_x9_1.qasm,1512,96479,46643,220,45393,2880,1343,10443
instructions_T26_idx226_x0_2_x1_2_x2_5.qasm,604,55888,27414,66,26876,1148,384,12247
instructions_T26_idx227_x0_2_x1_2_x2_3_x4_1.qasm,2326,162050,78608,330,76628,4448,2036,12360
instructions_T26_idx228_x0_2_x1_2_x2_2_x3_2.qasm,1974,147610,71814,264,70126,3780,1626,12623
instructions_T26_idx229_x0_2_x1_2_x2_2_x6_1.qasm,3206,208038,100620,462,97958,6136,2862,13433
instructions_T26_idx230_x0_2_x1_2_x2_1_x3_1_x5_1.qasm,11392,704404,340042,1584,330984,21896,9898,30585
instructions_T26_idx231_x0_2_x1_2_x2_1_x4_2.qasm,2384,167748,81418,330,79398,4564,2038,13383
instructions_T26_idx232_x0_2_x1_2_x2_1_x8_1.qasm,4134,254699,122932,594,119565,7920,3688,14977
instructions_T26_idx233_x0_2_x1_2_x3_2_x4_1.qasm,3068,204593,99058,440,96499,5872,2724,15013
instructions_T26_idx234_x0_2_x1_2_x3_1_x7_1.qasm,4914,302677,146080,704,142095,9420,4378,18468
instructions_T26_idx235_x0_2_x1_2_x4_1_x6_1.qasm,5400,333677,161060,770,156699,10356,4792,21212
instructions_T26_idx236_x0_2_x1_2_x5_2.qasm,922,64958,31534,132,30752,1748,792,8898
instructions_T26_idx237_x0_2_x1_2_x10_1.qasm,1660,102535,49502,242,48147,3164,1480,9295
instructions_T26_idx238_x0_2_x1_1_x2_4_x3_1.qasm,1906,139329,67713,264,66085,3644,1623,11908
instructions_T26_idx239_x0_2_x1_1_x2_3_x5_1.qasm,2762,184986,89587,396,87270,5284,2449,11250
instructions_T26_idx240_x0_2_x1_1_x2_2_x3_1_x4_1.qasm,9496,603149,291473,1320,283865,18248,8243,26674
instructions_T26_idx241_x0_2_x1_1_x2_2_x7_1.qasm,3666,231313,111749,528,108741,7020,3275,12682
instructions_T26_idx242_x0_2_x1_1_x2_1_x3_3.qasm,2046,155946,75939,264,74190,3924,1629,12596
instructions_T26_idx243_x0_2_x1_1_x2_1_x3_1_x6_1.qasm,13340,806345,388899,1848,378397,25648,11553,31446
instructions_T26_idx244_x0_2_x1_1_x2_1_x4_1_x5_1.qasm,14392,874359,421779,1980,410539,27680,12381,36220
instructions_T26_idx245_x0_2_x1_1_x2_1_x9_1.qasm,4618,278317,134205,660,130499,8852,4101,14226
instructions_T26_idx246_x0_2_x1_1_x3_2_x5_1.qasm,3664,236204,114203,528,111182,7016,3275,14640
instructions_T26_idx247_x0_2_x1_1_x3_1_x4_2.qasm,3192,218544,105957,440,103298,6120,2729,14996
instructions_T26_idx248_x0_2_x1_1_x3_1_x8_1.qasm,5558,334946,161513,792,157052,10660,4929,18095
instructions_T26_idx249_x0_2_x1_1_x4_1_x7_1.qasm,6200,374564,180629,880,175678,11896,5481,21217
instructions_T26_idx250_x0_2_x1_1_x5_1_x6_1.qasm,6544,397151,191557,924,186353,12560,5757,23586
instructions_T26_idx251_x0_2_x1_1_x11_1.qasm,1812,108645,52383,264,50925,3456,1617,8146
instructions_T26_idx252_x0_2_x2_6.qasm,301,27333,13411,33,13156,560,173,9891
instructions_T26_idx253_x0_2_x2_4_x4_1.qasm,1137,80062,38855,165,37883,2160,999,9752
instructions_T26_idx254_x0_2_x2_3_x3_2.qasm,965,72901,35485,132,34656,1834,794,9398
instructions_T26_idx255_x0_2_x2_3_x6_1.qasm,1566,102906,49798,231,48483,2982,1412,9227
instructions_T26_idx256_x0_2_x2_2_x3_1_x5_1.qasm,5546,349495,168819,792,164318,10636,4930,25233
instructions_T26_idx257_x0_2_x2_2_x4_2.qasm,1165,82897,40254,165,39262,2216,1000,9283
instructions_T26_idx258_x0_2_x2_2_x8_1.qasm,2019,126080,60885,297,59221,3852,1825,10659
instructions_T26_idx259_x0_2_x2_1_x3_2_x4_1.qasm,4654,303328,146729,660,142911,8924,4104,23085
instructions_T26_idx260_x0_2_x2_1_x3_1_x7_1.qasm,7469,451098,217538,1056,211581,14338,6585,29535
instructions_T26_idx261_x0_2_x2_1_x4_1_x6_1.qasm,8212,497794,240092,1155,233571,15770,7206,34883
instructions_T26_idx262_x0_2_x2_1_x5_2.qasm,1371,92983,45062,198,43907,2610,1206,9993
instructions_T26_idx263_x0_2_x2_1_x10_1.qasm,2496,149597,72119,363,70107,4770,2238,12093
instructions_T26_idx264_x0_2_x3_4.qasm,336,26150,12759,44,12483,624,240,7281
instructions_T26_idx265_x0_2_x3_2_x6_1.qasm,2085,132677,64111,308,62386,3978,1894,12960
instructions_T26_idx266_x0_2_x3_1_x4_1_x5_1.qasm,9474,578376,279038,1320,271573,18204,8241,47151
instructions_T26_idx267_x0_2_x3_1_x9_1.qasm,3033,182066,87772,440,85331,5802,2721,16185
instructions_T26_idx268_x0_2_x4_3.qasm,388,27648,13439,55,13124,722,308,6154
instructions_T26_idx269_x0_2_x4_1_x8_1.qasm,3423,206048,99347,495,96588,6552,3066,19570
instructions_T26_idx270_x0_2_x5_1_x7_1.qasm,3666,221553,106837,528,103895,7020,3273,22248
instructions_T26_idx271_x0_2_x6_2.qasm,513,33381,16158,77,15741,960,445,5382
instructions_T26_idx272_x0_2_x12_1.qasm,966,56559,27246,143,26482,1830,858,6047
instructions_T26_idx273_x0_0_x1_13.qasm,312,38763,19215,22,18915,532,79,20285
instructions_T26_idx274_x0_0_x1_11_x2_1.qasm,572,55269,27173,66,26649,1028,353,19850
instructions_T26_idx275_x0_0_x1_10_x3_1.qasm,692,60929,29860,88,29235,1256,490,18696
instructions_T26_idx276_x0_0_x1_9_x2_2.qasm,576,55325,27197,66,26673,1036,353,18286
instructions_T26_idx277_x0_0_x1_9_x4_1.qasm,816,66648,32573,110,31846,1492,627,17543
instructions_T26_idx278_x0_0_x1_8_x2_1_x3_1.qasm,1878,138766,67496,264,65882,3532,1592,20085
instructions_T26_idx279_x0_0_x1_8_x5_1.qasm,944,72424,35310,132,34482,1736,764,16390
instructions_T26_idx280_x0_0_x1_7_x2_3.qasm,580,55381,27221,66,26697,1044,353,16722
instructions_T26_idx281_x0_0_x1_7_x2_1_x4_1.qasm,2302,161542,78415,330,76448,4344,2005,19328
instructions_T26_idx282_x0_0_x1_7_x3_2.qasm,682,58345,28569,88,27963,1236,489,15605
instructions_T26_idx283_x0_0_x1_7_x6_1.qasm,1076,78257,38073,154,37141,1988,901,15238
instructions_T26_idx284_x0_0_x1_6_x2_2_x3_1.qasm,1882,138822,67520,264,65906,3540,1592,17041
instructions_T26_idx285_x0_0_x1_6_x2_1_x5_1.qasm,2738,184480,89394,396,87092,5180,2418,18575
instructions_T26_idx286_x0_0_x1_6_x3_1_x4_1.qasm,3062,206781,100204,440,97639,5804,2694,20931
instructions_T26_idx287_x0_0_x1_6_x7_1.qasm,1212,84142,40856,176,39824,2248,1038,14088
instructions_T26_idx288_x0_0_x1_5_x2_4.qasm,584,55436,27245,66,26720,1052,353,15158
instructions_T26_idx289_x0_0_x1_5_x2_2_x4_1.qasm,2306,161599,78439,330,76473,4352,2005,16284
instructions_T26_idx290_x0_0_x1_5_x2_1_x3_2.qasm,1954,147159,71645,264,69971,3684,1595,17014
instructions_T26_idx291_x0_0_x1_5_x2_1_x6_1.qasm,3186,207587,100451,462,97803,6040,2831,17824
instructions_T26_idx292_x0_0_x1_5_x3_1_x5_1.qasm,3658,238392,115349,528,112322,6948,3245,20558
instructions_T26_idx293_x0_0_x1_5_x4_2.qasm,792,61426,29967,110,29280,1444,625,12925
instructions_T26_idx294_x0_0_x1_5_x8_1.qasm,1352,90083,43665,198,42529,2516,1175,12939
instructions_T26_idx295_x0_0_x1_4_x2_3_x3_1.qasm,1886,138878,67544,264,65930,3548,1592,14819
instructions_T26_idx296_x0_0_x1_4_x2_2_x5_1.qasm,2742,184536,89418,396,87116,5188,2418,15531
instructions_T26_idx297_x0_0_x1_4_x2_1_x3_1_x4_1.qasm,9476,602698,291304,1320,283710,18152,8212,31065
instructions_T26_idx298_x0_0_x1_4_x2_1_x7_1.qasm,3646,230862,111580,528,108586,6924,3244,17073
instructions_T26_idx299_x0_0_x1_4_x3_3.qasm,672,55763,27278,88,26693,1216,488,12514
instructions_T26_idx300_x0_0_x1_4_x3_1_x6_1.qasm,4270,270221,130590,616,127095,8124,3796,20185
instructions_T26_idx301_x0_0_x1_4_x4_1_x5_1.qasm,4604,292664,141456,660,137708,8768,4072,22550
instructions_T26_idx302_x0_0_x1_4_x9_1.qasm,1496,96084,46498,220,45262,2792,1312,11790
instructions_T26_idx303_x0_0_x1_3_x2_5.qasm,588,55493,27269,66,26745,1060,353,13594
instructions_T26_idx304_x0_0_x1_3_x2_3_x4_1.qasm,2310,161655,78463,330,76497,4360,2005,13707
instructions_T26_idx305_x0_0_x1_3_x2_2_x3_2.qasm,1958,147215,71669,264,69995,3692,1595,13970
instructions_T26_idx306_x0_0_x1_3_x2_2_x6_1.qasm,3190,207643,100475,462,97827,6048,2831,14780
instructions_T26_idx307_x0_0_x1_3_x2_1_x3_1_x5_1.qasm,11376,704009,339897,1584,330853,21808,9867,31932
instructions_T26_idx308_x0_0_x1_3_x2_1_x4_2.qasm,2368,167353,81273,330,79267,4476,2007,14730
instructions_T26_idx309_x0_0_x1_3_x2_1_x8_1.qasm,4118,254304,122787,594,119434,7832,3657,16324
instructions_T26_idx310_x0_0_x1_3_x3_2_x4_1.qasm,3052,204198,98913,440,96368,5784,2693,16360
instructions_T26_idx311_x0_0_x1_3_x3_1_x7_1.qasm,4898,302282,145935,704,141964,9332,4347,19815
instructions_T26_idx312_x0_0_x1_3_x4_1_x6_1.qasm,5384,333282,160915,770,156568,10268,4761,22559
instructions_T26_idx313_x0_0_x1_3_x5_2.qasm,906,64563,31389,132,30621,1660,761,10245
instructions_T26_idx314_x0_0_x1_3_x10_1.qasm,1644,102140,49357,242,48016,3076,1449,10642
instructions_T26_idx315_x0_0_x1_2_x2_4_x3_1.qasm,1890,138934,67568,264,65954,3556,1592,13255
instructions_T26_idx316_x0_0_x1_2_x2_3_x5_1.qasm,2746,184591,89442,396,87139,5196,2418,12597
instructions_T26_idx317_x0_0_x1_2_x2_2_x3_1_x4_1.qasm,9480,602754,291328,1320,283734,18160,8212,28021
instructions_T26_idx318_x0_0_x1_2_x2_2_x7_1.qasm,3650,230918,111604,528,108610,6932,3244,14029
instructions_T26_idx319_x0_0_x1_2_x2_1_x3_3.qasm,2030,155551,75794,264,74059,3836,1598,13943
instructions_T26_idx320_x0_0_x1_2_x2_1_x3_1_x6_1.qasm,13324,805950,388754,1848,378266,25560,11522,32793
instructions_T26_idx321_x0_0_x1_2_x2_1_x4_1_x5_1.qasm,14376,873964,421634,1980,410408,27592,12350,37567
instructions_T26_idx322_x0_0_x1_2_x2_1_x9_1.qasm,4602,277922,134060,660,130368,8764,4070,15573
instructions_T26_idx323_x0_0_x1_2_x3_2_x5_1.qasm,3648,235809,114058,528,111051,6928,3244,15987
instructions_T26_idx324_x0_0_x1_2_x3_1_x4_2.qasm,3176,218149,105812,440,103167,6032,2698,16343
instructions_T26_idx325_x0_0_x1_2_x3_1_x8_1.qasm,5542,334551,161368,792,156921,10572,4898,19442
instructions_T26_idx326_x0_0_x1_2_x4_1_x7_1.qasm,6184,374169,180484,880,175547,11808,5450,22564
instructions_T26_idx327_x0_0_x1_2_x5_1_x6_1.qasm,6528,396756,191412,924,186222,12472,5726,24933
instructions_T26_idx328_x0_0_x1_2_x11_1.qasm,1796,108250,52238,264,50794,3368,1586,9493
instructions_T26_idx329_x0_0_x1_1_x2_6.qasm,592,55549,27293,66,26769,1068,353,12030
instructions_T26_idx330_x0_0_x1_1_x2_4_x4_1.qasm,2314,161711,78487,330,76521,4368,2005,12143
instructions_T26_idx331_x0_0_x1_1_x2_3_x3_2.qasm,1962,147271,71693,264,70019,3700,1595,11748
instructions_T26_idx332_x0_0_x1_1_x2_3_x6_1.qasm,3194,207699,100499,462,97851,6056,2831,11736
instructions_T26_idx333_x0_0_x1_1_x2_2_x3_1_x5_1.qasm,11380,704065,339921,1584,330877,21816,9867,28888
instructions_T26_idx334_x0_0_x1_1_x2_2_x4_2.qasm,2372,167409,81297,330,79291,4484,2007,11686
instructions_T26_idx335_x0_0_x1_1_x2_2_x8_1.qasm,4122,254361,122811,594,119459,7840,3657,13280
instructions_T26_idx336_x0_0_x1_1_x2_1_x3_2_x4_1.qasm,9552,611091,295453,1320,287799,18304,8215,26514
instructions_T26_idx337_x0_0_x1_1_x2_1_x3_1_x7_1.qasm,15320,908587,437923,2112,425967,29408,13177,33660
instructions_T26_idx338_x0_0_x1_1_x2_1_x4_1_x6_1.qasm,16848,1002549,483265,2310,470199,32356,14419,39212
instructions_T26_idx339_x0_0_x1_1_x2_1_x5_2.qasm,2794,187707,90961,396,88639,5292,2419,12450
instructions_T26_idx340_x0_0_x1_1_x2_1_x10_1.qasm,5098,301703,145411,726,141363,9720,4483,14824
instructions_T26_idx341_x0_0_x1_1_x3_4.qasm,662,53180,25987,88,25422,1196,487,9423
instructions_T26_idx342_x0_0_x1_1_x3_2_x6_1.qasm,4260,267638,129299,616,125824,8104,3795,15614
instructions_T26_idx343_x0_0_x1_1_x3_1_x4_1_x5_1.qasm,19444,1164794,561661,2640,546636,37368,16489,51844
instructions_T26_idx344_x0_0_x1_1_x3_1_x9_1.qasm,6202,367068,176905,880,171990,11844,5449,19072
instructions_T26_idx345_x0_0_x1_1_x4_3.qasm,768,56204,27361,110,26714,1396,623,8307
instructions_T26_idx346_x0_0_x1_1_x4_1_x8_1.qasm,7004,415336,200183,990,194636,13388,6139,22573
instructions_T26_idx347_x0_0_x1_1_x5_1_x7_1.qasm,7504,446545,215249,1056,209335,14352,6553,25321
instructions_T26_idx348_x0_0_x1_1_x6_2.qasm,1024,67757,32837,154,31985,1884,897,7566
instructions_T26_idx349_x0_0_x1_1_x12_1.qasm,1952,114421,55145,286,53599,3668,1723,8345
instructions_T26_idx350_x0_0_x2_5_x3_1.qasm,908,67046,32632,132,31857,1664,761,10698
instructions_T26_idx351_x0_0_x2_4_x5_1.qasm,1325,89724,43506,198,42384,2462,1174,9927
instructions_T26_idx352_x0_0_x2_3_x3_1_x4_1.qasm,4597,297472,143876,660,140111,8754,4071,22905
instructions_T26_idx353_x0_0_x2_3_x7_1.qasm,1766,112730,54518,264,53053,3308,1587,9763
instructions_T26_idx354_x0_0_x2_2_x3_3.qasm,975,75313,36727,132,35892,1798,764,9875
instructions_T26_idx355_x0_0_x2_2_x3_1_x6_1.qasm,6472,398412,192307,924,187095,12360,5726,27207
instructions_T26_idx356_x0_0_x2_2_x4_1_x5_1.qasm,6983,432220,208669,990,203075,13346,6140,31839
instructions_T26_idx357_x0_0_x2_2_x9_1.qasm,2231,136078,65680,330,63866,4202,2000,11197
instructions_T26_idx358_x0_0_x2_1_x3_2_x5_1.qasm,5556,351906,170061,792,165553,10600,4900,25053
instructions_T26_idx359_x0_0_x2_1_x3_1_x4_2.qasm,4838,325276,157632,660,153667,9236,4081,24385
instructions_T26_idx360_x0_0_x2_1_x3_1_x8_1.qasm,8443,500675,241314,1188,234634,16158,7381,31509
instructions_T26_idx361_x0_0_x2_1_x4_1_x7_1.qasm,9424,560357,270099,1320,262681,18048,8209,37575
instructions_T26_idx362_x0_0_x2_1_x5_1_x6_1.qasm,9950,594366,286539,1386,278754,19064,8623,42203
instructions_T26_idx363_x0_0_x2_1_x11_1.qasm,2720,159759,76986,396,74820,5144,2413,12631
instructions_T26_idx364_x0_0_x3_3_x4_1.qasm,1467,98151,47558,220,46328,2734,1311,10635
instructions_T26_idx365_x0_0_x3_2_x7_1.qasm,2367,146863,70923,352,68988,4462,2138,13854
instructions_T26_idx366_x0_0_x3_1_x4_1_x6_1.qasm,11084,662583,319438,1540,310768,21248,9589,51279
instructions_T26_idx367_x0_0_x3_1_x5_2.qasm,1818,120802,58522,264,57015,3412,1589,13186
instructions_T26_idx368_x0_0_x3_1_x10_1.qasm,3339,196589,94732,484,92074,6334,2965,17082
instructions_T26_idx369_x0_0_x4_2_x5_1.qasm,2216,140784,68051,330,66231,4172,2000,15090
instructions_T26_idx370_x0_0_x4_1_x9_1.qasm,3809,224913,108388,550,105358,7238,3379,20826
instructions_T26_idx371_x0_0_x5_1_x8_1.qasm,4130,244713,117947,594,114661,7856,3655,23863
instructions_T26_idx372_x0_0_x6_1_x7_1.qasm,4302,256013,123412,616,120004,8188,3793,26186
instructions_T26_idx373_x0_0_x13_1.qasm,1020,57915,27891,154,27099,1876,895,6226
instructions_T28_idx001_x0_28.qasm,496,43052,20608,16,20121,1680,627,3485
instructions_T28_idx002_x0_26_x1_1.qasm,536,46709,22427,22,21901,1708,651,4998
instructions_T28_idx003_x0_24_x1_2.qasm,520,46302,22282,22,21772,1620,606,6286
instructions_T28_idx004_x0_24_x2_1.qasm,568,47743,22938,33,22388,1710,674,5109
instructions_T28_idx005_x0_22_x1_3.qasm,504,45895,22137,22,21643,1532,561,7575
instructions_T28_idx006_x0_22_x1_1_x2_1.qasm,764,62401,30095,66,29377,2028,835,7140
instructions_T28_idx007_x0_22_x3_1.qasm,602,48806,23462,44,22887,1716,697,5221
instructions_T28_idx008_x0_20_x1_4.qasm,488,45488,21992,22,21514,1444,516,8864
instructions_T28_idx009_x0_20_x1_2_x2_1.qasm,748,61994,29950,66,29248,1940,790,8429
instructions_T28_idx010_x0_20_x1_1_x3_1.qasm,868,67654,32637,88,31834,2168,927,7275
instructions_T28_idx011_x0_20_x2_2.qasm,521,44276,21327,33,20829,1504,583,6113
instructions_T28_idx012_x0_20_x4_1.qasm,638,49896,23997,55,23398,1726,720,5336
instructions_T28_idx013_x0_18_x1_5.qasm,472,45081,21847,22,21385,1356,471,10153
instructions_T28_idx014_x0_18_x1_3_x2_1.qasm,732,61587,29805,66,29119,1852,745,9718
instructions_T28_idx015_x0_18_x1_2_x3_1.qasm,852,67247,32492,88,31705,2080,882,8564
instructions_T28_idx016_x0_18_x1_1_x2_2.qasm,736,61643,29829,66,29143,1860,745,8154
instructions_T28_idx017_x0_18_x1_1_x4_1.qasm,976,72966,35205,110,34316,2316,1019,7411
instructions_T28_idx018_x0_18_x2_1_x3_1.qasm,1128,83977,40548,132,39532,2608,1157,8999
instructions_T28_idx019_x0_18_x5_1.qasm,676,51015,24545,66,23921,1740,743,5452
instructions_T28_idx020_x0_16_x1_6.qasm,456,44674,21702,22,21256,1268,426,11442
instructions_T28_idx021_x0_16_x1_4_x2_1.qasm,716,61180,29660,66,28990,1764,700,11007
instructions_T28_idx022_x0_16_x1_3_x3_1.qasm,836,66840,32347,88,31576,1992,837,9853
instructions_T28_idx023_x0_16_x1_2_x2_2.qasm,720,61236,29684,66,29014,1772,700,9443
instructions_T28_idx024_x0_16_x1_2_x4_1.qasm,960,72559,35060,110,34187,2228,974,8700
instructions_T28_idx025_x0_16_x1_1_x2_1_x3_1.qasm,2022,144677,69983,264,68223,4268,1939,11242
instructions_T28_idx026_x0_16_x1_1_x5_1.qasm,1088,78335,37797,132,36823,2472,1111,7547
instructions_T28_idx027_x0_16_x2_3.qasm,474,40809,19716,33,19270,1298,492,7117
instructions_T28_idx028_x0_16_x2_1_x4_1.qasm,1310,93538,45160,165,43997,2898,1318,9469
instructions_T28_idx029_x0_16_x3_2.qasm,524,42279,20385,44,19898,1392,560,5987
instructions_T28_idx030_x0_16_x6_1.qasm,716,52162,25105,77,24456,1758,766,5568
instructions_T28_idx031_x0_14_x1_7.qasm,440,44267,21557,22,21127,1180,381,12731
instructions_T28_idx032_x0_14_x1_5_x2_1.qasm,700,60773,29515,66,28861,1676,655,12296
instructions_T28_idx033_x0_14_x1_4_x3_1.qasm,820,66433,32202,88,31447,1904,792,11142
instructions_T28_idx034_x0_14_x1_3_x2_2.qasm,704,60829,29539,66,28885,1684,655,10732
instructions_T28_idx035_x0_14_x1_3_x4_1.qasm,944,72152,34915,110,34058,2140,929,9989
instructions_T28_idx036_x0_14_x1_2_x2_1_x3_1.qasm,2006,144270,69838,264,68094,4180,1894,12531
instructions_T28_idx037_x0_14_x1_2_x5_1.qasm,1072,77928,37652,132,36694,2384,1066,8836
instructions_T28_idx038_x0_14_x1_1_x2_3.qasm,708,60885,29563,66,28909,1692,655,9168
instructions_T28_idx039_x0_14_x1_1_x2_1_x4_1.qasm,2430,167046,80757,330,78660,4992,2307,11774
instructions_T28_idx040_x0_14_x1_1_x3_2.qasm,810,63849,30911,88,30175,1884,791,8051
instructions_T28_idx041_x0_14_x1_1_x6_1.qasm,1204,83761,40415,154,39353,2636,1203,7684
instructions_T28_idx042_x0_14_x2_2_x3_1.qasm,1081,80510,38937,132,37973,2402,1066,8523
instructions_T28_idx043_x0_14_x2_1_x5_1.qasm,1498,103188,49811,198,48500,3200,1479,9941
instructions_T28_idx044_x0_14_x3_1_x4_1.qasm,1655,114266,55184,220,53743,3502,1617,12243
instructions_T28_idx045_x0_14_x7_1.qasm,758,53338,25678,88,25003,1780,789,5685
instructions_T28_idx046_x0_12_x1_8.qasm,424,43860,21412,22,20998,1092,336,14020
instructions_T28_idx047_x0_12_x1_6_x2_1.qasm,684,60366,29370,66,28732,1588,610,13585
instructions_T28_idx048_x0_12_x1_5_x3_1.qasm,804,66026,32057,88,31318,1816,747,12431
instructions_T28_idx049_x0_12_x1_4_x2_2.qasm,688,60422,29394,66,28756,1596,610,12021
instructions_T28_idx050_x0_12_x1_4_x4_1.qasm,928,71745,34770,110,33929,2052,884,11278
instructions_T28_idx051_x0_12_x1_3_x2_1_x3_1.qasm,1990,143863,69693,264,67965,4092,1849,13820
instructions_T28_idx052_x0_12_x1_3_x5_1.qasm,1056,77521,37507,132,36565,2296,1021,10125
instructions_T28_idx053_x0_12_x1_2_x2_3.qasm,692,60478,29418,66,28780,1604,610,10457
instructions_T28_idx054_x0_12_x1_2_x2_1_x4_1.qasm,2414,166639,80612,330,78531,4904,2262,13063
instructions_T28_idx055_x0_12_x1_2_x3_2.qasm,794,63442,30766,88,30046,1796,746,9340
instructions_T28_idx056_x0_12_x1_2_x6_1.qasm,1188,83354,40270,154,39224,2548,1158,8973
instructions_T28_idx057_x0_12_x1_1_x2_2_x3_1.qasm,1994,143919,69717,264,67989,4100,1849,10776
instructions_T28_idx058_x0_12_x1_1_x2_1_x5_1.qasm,2850,189577,91591,396,89175,5740,2675,12310
instructions_T28_idx059_x0_12_x1_1_x3_1_x4_1.qasm,3174,211878,102401,440,99722,6364,2951,14666
instructions_T28_idx060_x0_12_x1_1_x7_1.qasm,1324,89239,43053,176,41907,2808,1295,7823
instructions_T28_idx061_x0_12_x2_4.qasm,427,37342,18105,33,17711,1092,401,8121
instructions_T28_idx062_x0_12_x2_2_x4_1.qasm,1263,90071,43549,165,42438,2692,1227,8993
instructions_T28_idx063_x0_12_x2_1_x3_2.qasm,1091,82909,40179,132,39210,2366,1022,9765
instructions_T28_idx064_x0_12_x2_1_x6_1.qasm,1692,112914,54492,231,53037,3514,1640,10417
instructions_T28_idx065_x0_12_x3_1_x5_1.qasm,1921,128216,61896,264,60255,3954,1847,13076
instructions_T28_idx066_x0_12_x4_2.qasm,529,40308,19454,55,18978,1284,537,5864
instructions_T28_idx067_x0_12_x8_1.qasm,802,54539,26261,99,25561,1806,812,5804
instructions_T28_idx068_x0_10_x1_9.qasm,408,43453,21267,22,20869,1004,291,15309
instructions_T28_idx069_x0_10_x1_7_x2_1.qasm,668,59959,29225,66,28603,1500,565,14874
instructions_T28_idx070_x0_10_x1_6_x3_1.qasm,788,65619,31912,88,31189,1728,702,13720
instructions_T28_idx071_x0_10_x1_5_x2_2.qasm,672,60015,29249,66,28627,1508,565,13310
instructions_T28_idx072_x0_10_x1_5_x4_1.qasm,912,71338,34625,110,33800,1964,839,12567
instructions_T28_idx073_x0_10_x1_4_x2_1_x3_1.qasm,1974,143456,69548,264,67836,4004,1804,15109
instructions_T28_idx074_x0_10_x1_4_x5_1.qasm,1040,77114,37362,132,36436,2208,976,11414
instructions_T28_idx075_x0_10_x1_3_x2_3.qasm,676,60071,29273,66,28651,1516,565,11746
instructions_T28_idx076_x0_10_x1_3_x2_1_x4_1.qasm,2398,166232,80467,330,78402,4816,2217,14352
instructions_T28_idx077_x0_10_x1_3_x3_2.qasm,778,63035,30621,88,29917,1708,701,10629
instructions_T28_idx078_x0_10_x1_3_x6_1.qasm,1172,82947,40125,154,39095,2460,1113,10262
instructions_T28_idx079_x0_10_x1_2_x2_2_x3_1.qasm,1978,143512,69572,264,67860,4012,1804,12065
instructions_T28_idx080_x0_10_x1_2_x2_1_x5_1.qasm,2834,189170,91446,396,89046,5652,2630,13599
instructions_T28_idx081_x0_10_x1_2_x3_1_x4_1.qasm,3158,211471,102256,440,99593,6276,2906,15955
instructions_T28_idx082_x0_10_x1_2_x7_1.qasm,1308,88832,42908,176,41778,2720,1250,9112
instructions_T28_idx083_x0_10_x1_1_x2_4.qasm,680,60126,29297,66,28674,1524,565,10182
instructions_T28_idx084_x0_10_x1_1_x2_2_x4_1.qasm,2402,166289,80491,330,78427,4824,2217,11308
instructions_T28_idx085_x0_10_x1_1_x2_1_x3_2.qasm,2050,151849,73697,264,71925,4156,1807,12038
instructions_T28_idx086_x0_10_x1_1_x2_1_x6_1.qasm,3282,212277,102503,462,99757,6512,3043,12848
instructions_T28_idx087_x0_10_x1_1_x3_1_x5_1.qasm,3754,243082,117401,528,114276,7420,3457,15582
instructions_T28_idx088_x0_10_x1_1_x4_2.qasm,888,66116,32019,110,31234,1916,837,7949
instructions_T28_idx089_x0_10_x1_1_x8_1.qasm,1448,94773,45717,198,44483,2988,1387,7963
instructions_T28_idx090_x0_10_x2_3_x3_1.qasm,1034,77043,37326,132,36414,2196,975,8870
instructions_T28_idx091_x0_10_x2_2_x5_1.qasm,1451,99721,48200,198,46941,2994,1388,9465
instructions_T28_idx092_x0_10_x2_1_x3_1_x4_1.qasm,4723,307469,148570,660,144668,9286,4285,24037
instructions_T28_idx093_x0_10_x2_1_x7_1.qasm,1892,122727,59212,264,57610,3840,1801,10895
instructions_T28_idx094_x0_10_x3_3.qasm,446,35752,17308,44,16909,1068,423,6753
instructions_T28_idx095_x0_10_x3_1_x6_1.qasm,2195,142278,68660,308,66811,4422,2077,13912
instructions_T28_idx096_x0_10_x4_1_x5_1.qasm,2357,153433,74066,330,72088,4734,2215,16222
instructions_T28_idx097_x0_10_x9_1.qasm,848,55771,26857,110,26133,1836,835,5924
instructions_T28_idx098_x0_8_x1_10.qasm,392,43046,21122,22,20740,916,246,16598
instructions_T28_idx099_x0_8_x1_8_x2_1.qasm,652,59552,29080,66,28474,1412,520,16163
instructions_T28_idx100_x0_8_x1_7_x3_1.qasm,772,65212,31767,88,31060,1640,657,15009
instructions_T28_idx101_x0_8_x1_6_x2_2.qasm,656,59608,29104,66,28498,1420,520,14599
instructions_T28_idx102_x0_8_x1_6_x4_1.qasm,896,70931,34480,110,33671,1876,794,13856
instructions_T28_idx103_x0_8_x1_5_x2_1_x3_1.qasm,1958,143049,69403,264,67707,3916,1759,16398
instructions_T28_idx104_x0_8_x1_5_x5_1.qasm,1024,76707,37217,132,36307,2120,931,12703
instructions_T28_idx105_x0_8_x1_4_x2_3.qasm,660,59664,29128,66,28522,1428,520,13035
instructions_T28_idx106_x0_8_x1_4_x2_1_x4_1.qasm,2382,165825,80322,330,78273,4728,2172,15641
instructions_T28_idx107_x0_8_x1_4_x3_2.qasm,762,62628,30476,88,29788,1620,656,11918
instructions_T28_idx108_x0_8_x1_4_x6_1.qasm,1156,82540,39980,154,38966,2372,1068,11551
instructions_T28_idx109_x0_8_x1_3_x2_2_x3_1.qasm,1962,143105,69427,264,67731,3924,1759,13354
instructions_T28_idx110_x0_8_x1_3_x2_1_x5_1.qasm,2818,188763,91301,396,88917,5564,2585,14888
instructions_T28_idx111_x0_8_x1_3_x3_1_x4_1.qasm,3142,211064,102111,440,99464,6188,2861,17244
instructions_T28_idx112_x0_8_x1_3_x7_1.qasm,1292,88425,42763,176,41649,2632,1205,10401
instructions_T28_idx113_x0_8_x1_2_x2_4.qasm,664,59719,29152,66,28545,1436,520,11471
instructions_T28_idx114_x0_8_x1_2_x2_2_x4_1.qasm,2386,165882,80346,330,78298,4736,2172,12597
instructions_T28_idx115_x0_8_x1_2_x2_1_x3_2.qasm,2034,151442,73552,264,71796,4068,1762,13327
instructions_T28_idx116_x0_8_x1_2_x2_1_x6_1.qasm,3266,211870,102358,462,99628,6424,2998,14137
instructions_T28_idx117_x0_8_x1_2_x3_1_x5_1.qasm,3738,242675,117256,528,114147,7332,3412,16871
instructions_T28_idx118_x0_8_x1_2_x4_2.qasm,872,65709,31874,110,31105,1828,792,9238
instructions_T28_idx119_x0_8_x1_2_x8_1.qasm,1432,94366,45572,198,44354,2900,1342,9252
instructions_T28_idx120_x0_8_x1_1_x2_3_x3_1.qasm,1966,143161,69451,264,67755,3932,1759,11132
instructions_T28_idx121_x0_8_x1_1_x2_2_x5_1.qasm,2822,188819,91325,396,88941,5572,2585,11844
instructions_T28_idx122_x0_8_x1_1_x2_1_x3_1_x4_1.qasm,9556,606981,293211,1320,285535,18536,8379,27378
instructions_T28_idx123_x0_8_x1_1_x2_1_x7_1.qasm,3726,235145,113487,528,110411,7308,3411,13386
instructions_T28_idx124_x0_8_x1_1_x3_3.qasm,752,60046,29185,88,28518,1600,655,8827
instructions_T28_idx125_x0_8_x1_1_x3_1_x6_1.qasm,4350,274504,132497,616,128920,8508,3963,16498
instructions_T28_idx126_x0_8_x1_1_x4_1_x5_1.qasm,4684,296947,143363,660,139533,9152,4239,18863
instructions_T28_idx127_x0_8_x1_1_x9_1.qasm,1576,100367,48405,220,47087,3176,1479,8103
instructions_T28_idx128_x0_8_x2_5.qasm,380,33875,16494,33,16152,886,310,9125
instructions_T28_idx129_x0_8_x2_3_x4_1.qasm,1216,86604,41938,165,40879,2486,1136,8986
instructions_T28_idx130_x0_8_x2_2_x3_2.qasm,1044,79442,38568,132,37651,2160,931,9289
instructions_T28_idx131_x0_8_x2_2_x6_1.qasm,1645,109447,52881,231,51478,3308,1549,9941
instructions_T28_idx132_x0_8_x2_1_x3_1_x5_1.qasm,5625,356036,171902,792,167313,10962,5067,25947
instructions_T28_idx133_x0_8_x2_1_x4_2.qasm,1244,89439,43337,165,42258,2542,1137,9997
instructions_T28_idx134_x0_8_x2_1_x8_1.qasm,2098,132621,63968,297,62216,4178,1962,11373
instructions_T28_idx135_x0_8_x3_2_x4_1.qasm,1577,107740,52107,220,50755,3178,1480,11529
instructions_T28_idx136_x0_8_x3_1_x7_1.qasm,2477,156452,75472,352,73415,4906,2307,14748
instructions_T28_idx137_x0_8_x4_1_x6_1.qasm,2713,171856,82922,385,80675,5360,2514,17416
instructions_T28_idx138_x0_8_x5_2.qasm,536,38368,18536,66,18072,1180,514,5742
instructions_T28_idx139_x0_8_x10_1.qasm,896,57030,27465,121,26716,1870,858,6044
instructions_T28_idx140_x0_6_x1_11.qasm,376,42639,20977,22,20611,828,201,17887
instructions_T28_idx141_x0_6_x1_9_x2_1.qasm,636,59145,28935,66,28345,1324,475,17452
instructions_T28_idx142_x0_6_x1_8_x3_1.qasm,756,64805,31622,88,30931,1552,612,16298
instructions_T28_idx143_x0_6_x1_7_x2_2.qasm,640,59201,28959,66,28369,1332,475,15888
instructions_T28_idx144_x0_6_x1_7_x4_1.qasm,880,70524,34335,110,33542,1788,749,15145
instructions_T28_idx145_x0_6_x1_6_x2_1_x3_1.qasm,1942,142642,69258,264,67578,3828,1714,17687
instructions_T28_idx146_x0_6_x1_6_x5_1.qasm,1008,76300,37072,132,36178,2032,886,13992
instructions_T28_idx147_x0_6_x1_5_x2_3.qasm,644,59257,28983,66,28393,1340,475,14324
instructions_T28_idx148_x0_6_x1_5_x2_1_x4_1.qasm,2366,165418,80177,330,78144,4640,2127,16930
instructions_T28_idx149_x0_6_x1_5_x3_2.qasm,746,62221,30331,88,29659,1532,611,13207
instructions_T28_idx150_x0_6_x1_5_x6_1.qasm,1140,82133,39835,154,38837,2284,1023,12840
instructions_T28_idx151_x0_6_x1_4_x2_2_x3_1.qasm,1946,142698,69282,264,67602,3836,1714,14643
instructions_T28_idx152_x0_6_x1_4_x2_1_x5_1.qasm,2802,188356,91156,396,88788,5476,2540,16177
instructions_T28_idx153_x0_6_x1_4_x3_1_x4_1.qasm,3126,210657,101966,440,99335,6100,2816,18533
instructions_T28_idx154_x0_6_x1_4_x7_1.qasm,1276,88018,42618,176,41520,2544,1160,11690
instructions_T28_idx155_x0_6_x1_3_x2_4.qasm,648,59312,29007,66,28416,1348,475,12760
instructions_T28_idx156_x0_6_x1_3_x2_2_x4_1.qasm,2370,165475,80201,330,78169,4648,2127,13886
instructions_T28_idx157_x0_6_x1_3_x2_1_x3_2.qasm,2018,151035,73407,264,71667,3980,1717,14616
instructions_T28_idx158_x0_6_x1_3_x2_1_x6_1.qasm,3250,211463,102213,462,99499,6336,2953,15426
instructions_T28_idx159_x0_6_x1_3_x3_1_x5_1.qasm,3722,242268,117111,528,114018,7244,3367,18160
instructions_T28_idx160_x0_6_x1_3_x4_2.qasm,856,65302,31729,110,30976,1740,747,10527
instructions_T28_idx161_x0_6_x1_3_x8_1.qasm,1416,93959,45427,198,44225,2812,1297,10541
instructions_T28_idx162_x0_6_x1_2_x2_3_x3_1.qasm,1950,142754,69306,264,67626,3844,1714,12421
instructions_T28_idx163_x0_6_x1_2_x2_2_x5_1.qasm,2806,188412,91180,396,88812,5484,2540,13133
instructions_T28_idx164_x0_6_x1_2_x2_1_x3_1_x4_1.qasm,9540,606574,293066,1320,285406,18448,8334,28667
instructions_T28_idx165_x0_6_x1_2_x2_1_x7_1.qasm,3710,234738,113342,528,110282,7220,3366,14675
instructions_T28_idx166_x0_6_x1_2_x3_3.qasm,736,59639,29040,88,28389,1512,610,10116
instructions_T28_idx167_x0_6_x1_2_x3_1_x6_1.qasm,4334,274097,132352,616,128791,8420,3918,17787
instructions_T28_idx168_x0_6_x1_2_x4_1_x5_1.qasm,4668,296540,143218,660,139404,9064,4194,20152
instructions_T28_idx169_x0_6_x1_2_x9_1.qasm,1560,99960,48260,220,46958,3088,1434,9392
instructions_T28_idx170_x0_6_x1_1_x2_5.qasm,652,59369,29031,66,28441,1356,475,11196
instructions_T28_idx171_x0_6_x1_1_x2_3_x4_1.qasm,2374,165531,80225,330,78193,4656,2127,11309
instructions_T28_idx172_x0_6_x1_1_x2_2_x3_2.qasm,2022,151091,73431,264,71691,3988,1717,11572
instructions_T28_idx173_x0_6_x1_1_x2_2_x6_1.qasm,3254,211519,102237,462,99523,6344,2953,12382
instructions_T28_idx174_x0_6_x1_1_x2_1_x3_1_x5_1.qasm,11440,707885,341659,1584,332549,22104,9989,29534
instructions_T28_idx175_x0_6_x1_1_x2_1_x4_2.qasm,2432,171229,83035,330,80963,4772,2129,12332
instructions_T28_idx176_x0_6_x1_1_x2_1_x8_1.qasm,4182,258180,124549,594,121130,8128,3779,13926
instructions_T28_idx177_x0_6_x1_1_x3_2_x4_1.qasm,3116,208074,100675,440,98064,6080,2815,13962
instructions_T28_idx178_x0_6_x1_1_x3_1_x7_1.qasm,4962,306158,147697,704,143660,9628,4469,17417
instructions_T28_idx179_x0_6_x1_1_x4_1_x6_1.qasm,5448,337158,162677,770,158264,10564,4883,20161
instructions_T28_idx180_x0_6_x1_1_x5_2.qasm,970,68439,33151,132,32317,1956,883,7847
instructions_T28_idx181_x0_6_x1_1_x10_1.qasm,1708,106016,51119,242,49712,3372,1571,8244
instructions_T28_idx182_x0_6_x2_4_x3_1.qasm,987,73576,35715,132,34855,1990,884,9874
instructions_T28_idx183_x0_6_x2_3_x5_1.qasm,1404,96254,46589,198,45382,2788,1297,9103
instructions_T28_idx184_x0_6_x2_2_x3_1_x4_1.qasm,4676,304002,146959,660,143109,9080,4194,23561
instructions_T28_idx185_x0_6_x2_2_x7_1.qasm,1845,119260,57601,264,56051,3634,1710,10419
instructions_T28_idx186_x0_6_x2_1_x3_3.qasm,1054,81843,39810,132,38890,2124,887,10531
instructions_T28_idx187_x0_6_x2_1_x3_1_x6_1.qasm,6551,404942,195390,924,190093,12686,5849,27863
instructions_T28_idx188_x0_6_x2_1_x4_1_x5_1.qasm,7062,438750,211752,990,206073,13672,6263,32495
instructions_T28_idx189_x0_6_x2_1_x9_1.qasm,2310,142608,68763,330,66864,4528,2123,11853
instructions_T28_idx190_x0_6_x3_2_x5_1.qasm,1843,121689,58819,264,57266,3630,1710,12362
instructions_T28_idx191_x0_6_x3_1_x4_2.qasm,1612,112933,54730,220,53354,3192,1437,12771
instructions_T28_idx192_x0_6_x3_1_x8_1.qasm,2767,170737,82336,396,80062,5406,2537,15587
instructions_T28_idx193_x0_6_x4_1_x7_1.qasm,3079,190424,91843,440,89322,6006,2813,18614
instructions_T28_idx194_x0_6_x5_1_x6_1.qasm,3246,201647,97277,462,94629,6328,2951,20934
instructions_T28_idx195_x0_6_x11_1.qasm,946,58317,28086,132,27310,1908,881,6165
instructions_T28_idx196_x0_4_x1_12.qasm,360,42232,20832,22,20482,740,156,19176
instructions_T28_idx197_x0_4_x1_10_x2_1.qasm,620,58738,28790,66,28216,1236,430,18741
instructions_T28_idx198_x0_4_x1_9_x3_1.qasm,740,64398,31477,88,30802,1464,567,17587
instructions_T28_idx199_x0_4_x1_8_x2_2.qasm,624,58794,28814,66,28240,1244,430,17177
instructions_T28_idx200_x0_4_x1_8_x4_1.qasm,864,70117,34190,110,33413,1700,704,16434
instructions_T28_idx201_x0_4_x1_7_x2_1_x3_1.qasm,1926,142235,69113,264,67449,3740,1669,18976
instructions_T28_idx202_x0_4_x1_7_x5_1.qasm,992,75893,36927,132,36049,1944,841,15281
instructions_T28_idx203_x0_4_x1_6_x2_3.qasm,628,58850,28838,66,28264,1252,430,15613
instructions_T28_idx204_x0_4_x1_6_x2_1_x4_1.qasm,2350,165011,80032,330,78015,4552,2082,18219
instructions_T28_idx205_x0_4_x1_6_x3_2.qasm,730,61814,30186,88,29530,1444,566,14496
instructions_T28_idx206_x0_4_x1_6_x6_1.qasm,1124,81726,39690,154,38708,2196,978,14129
instructions_T28_idx207_x0_4_x1_5_x2_2_x3_1.qasm,1930,142291,69137,264,67473,3748,1669,15932
instructions_T28_idx208_x0_4_x1_5_x2_1_x5_1.qasm,2786,187949,91011,396,88659,5388,2495,17466
instructions_T28_idx209_x0_4_x1_5_x3_1_x4_1.qasm,3110,210250,101821,440,99206,6012,2771,19822
instructions_T28_idx210_x0_4_x1_5_x7_1.qasm,1260,87611,42473,176,41391,2456,1115,12979
instructions_T28_idx211_x0_4_x1_4_x2_4.qasm,632,58905,28862,66,28287,1260,430,14049
instructions_T28_idx212_x0_4_x1_4_x2_2_x4_1.qasm,2354,165068,80056,330,78040,4560,2082,15175
instructions_T28_idx213_x0_4_x1_4_x2_1_x3_2.qasm,2002,150628,73262,264,71538,3892,1672,15905
instructions_T28_idx214_x0_4_x1_4_x2_1_x6_1.qasm,3234,211056,102068,462,99370,6248,2908,16715
instructions_T28_idx215_x0_4_x1_4_x3_1_x5_1.qasm,3706,241861,116966,528,113889,7156,3322,19449
instructions_T28_idx216_x0_4_x1_4_x4_2.qasm,840,64895,31584,110,30847,1652,702,11816
instructions_T28_idx217_x0_4_x1_4_x8_1.qasm,1400,93552,45282,198,44096,2724,1252,11830
instructions_T28_idx218_x0_4_x1_3_x2_3_x3_1.qasm,1934,142347,69161,264,67497,3756,1669,13710
instructions_T28_idx219_x0_4_x1_3_x2_2_x5_1.qasm,2790,188005,91035,396,88683,5396,2495,14422
instructions_T28_idx220_x0_4_x1_3_x2_1_x3_1_x4_1.qasm,9524,606167,292921,1320,285277,18360,8289,29956
instructions_T28_idx221_x0_4_x1_3_x2_1_x7_1.qasm,3694,234331,113197,528,110153,7132,3321,15964
instructions_T28_idx222_x0_4_x1_3_x3_3.qasm,720,59232,28895,88,28260,1424,565,11405
instructions_T28_idx223_x0_4_x1_3_x3_1_x6_1.qasm,4318,273690,132207,616,128662,8332,3873,19076
instructions_T28_idx224_x0_4_x1_3_x4_1_x5_1.qasm,4652,296133,143073,660,139275,8976,4149,21441
instructions_T28_idx225_x0_4_x1_3_x9_1.qasm,1544,99553,48115,220,46829,3000,1389,10681
instructions_T28_idx226_x0_4_x1_2_x2_5.qasm,636,58962,28886,66,28312,1268,430,12485
instructions_T28_idx227_x0_4_x1_2_x2_3_x4_1.qasm,2358,165124,80080,330,78064,4568,2082,12598
instructions_T28_idx228_x0_4_x1_2_x2_2_x3_2.qasm,2006,150684,73286,264,71562,3900,1672,12861
instructions_T28_idx229_x0_4_x1_2_x2_2_x6_1.qasm,3238,211112,102092,462,99394,6256,2908,13671
instructions_T28_idx230_x0_4_x1_2_x2_1_x3_1_x5_1.qasm,11424,707478,341514,1584,332420,22016,9944,30823
instructions_T28_idx231_x0_4_x1_2_x2_1_x4_2.qasm,2416,170822,82890,330,80834,4684,2084,13621
instructions_T28_idx232_x0_4_x1_2_x2_1_x8_1.qasm,4166,257773,124404,594,121001,8040,3734,15215
instructions_T28_idx233_x0_4_x1_2_x3_2_x4_1.qasm,3100,207667,100530,440,97935,5992,2770,15251
instructions_T28_idx234_x0_4_x1_2_x3_1_x7_1.qasm,4946,305751,147552,704,143531,9540,4424,18706
instructions_T28_idx235_x0_4_x1_2_x4_1_x6_1.qasm,5432,336751,162532,770,158135,10476,4838,21450
instructions_T28_idx236_x0_4_x1_2_x5_2.qasm,954,68032,33006,132,32188,1868,838,9136
instructions_T28_idx237_x0_4_x1_2_x10_1.qasm,1692,105609,50974,242,49583,3284,1526,9533
instructions_T28_idx238_x0_4_x1_1_x2_4_x3_1.qasm,1938,142403,69185,264,67521,3764,1669,12146
instructions_T28_idx239_x0_4_x1_1_x2_3_x5_1.qasm,2794,188060,91059,396,88706,5404,2495,11488
instructions_T28_idx240_x0_4_x1_1_x2_2_x3_1_x4_1.qasm,9528,606223,292945,1320,285301,18368,8289,26912
instructions_T28_idx241_x0_4_x1_1_x2_2_x7_1.qasm,3698,234387,113221,528,110177,7140,3321,12920
instructions_T28_idx242_x0_4_x1_1_x2_1_x3_3.qasm,2078,159020,77411,264,75626,4044,1675,12834
instructions_T28_idx243_x0_4_x1_1_x2_1_x3_1_x6_1.qasm,13372,809419,390371,1848,379833,25768,11599,31684
instructions_T28_idx244_x0_4_x1_1_x2_1_x4_1_x5_1.qasm,14424,877433,423251,1980,411975,27800,12427,36458
instructions_T28_idx245_x0_4_x1_1_x2_1_x9_1.qasm,4650,281391,135677,660,131935,8972,4147,14464
instructions_T28_idx246_x0_4_x1_1_x3_2_x5_1.qasm,3696,239278,115675,528,112618,7136,3321,14878
instructions_T28_idx247_x0_4_x1_1_x3_1_x4_2.qasm,3224,221618,107429,440,104734,6240,2775,15234
instructions_T28_idx248_x0_4_x1_1_x3_1_x8_1.qasm,5590,338020,162985,792,158488,10780,4975,18333
instructions_T28_idx249_x0_4_x1_1_x4_1_x7_1.qasm,6232,377638,182101,880,177114,12016,5527,21455
instructions_T28_idx250_x0_4_x1_1_x5_1_x6_1.qasm,6576,400225,193029,924,187789,12680,5803,23824
instructions_T28_idx251_x0_4_x1_1_x11_1.qasm,1844,111719,53855,264,52361,3576,1663,8384
instructions_T28_idx252_x0_4_x2_6.qasm,333,30407,14883,33,14592,680,219,10129
instructions_T28_idx253_x0_4_x2_4_x4_1.qasm,1169,83136,40327,165,39319,2280,1045,9990
instructions_T28_idx254_x0_4_x2_3_x3_2.qasm,997,75975,36957,132,36092,1954,840,9636
instructions_T28_idx255_x0_4_x2_3_x6_1.qasm,1598,105980,51270,231,49919,3102,1458,9465
instructions_T28_idx256_x0_4_x2_2_x3_1_x5_1.qasm,5578,352569,170291,792,165754,10756,4976,25471
instructions_T28_idx257_x0_4_x2_2_x4_2.qasm,1197,85971,41726,165,40698,2336,1046,9521
instructions_T28_idx258_x0_4_x2_2_x8_1.qasm,2051,129154,62357,297,60657,3972,1871,10897
instructions_T28_idx259_x0_4_x2_1_x3_2_x4_1.qasm,4686,306402,148201,660,144347,9044,4150,23323
instructions_T28_idx260_x0_4_x2_1_x3_1_x7_1.qasm,7501,454172,219010,1056,213017,14458,6631,29773
instructions_T28_idx261_x0_4_x2_1_x4_1_x6_1.qasm,8244,500868,241564,1155,235007,15890,7252,35121
instructions_T28_idx262_x0_4_x2_1_x5_2.qasm,1403,96057,46534,198,45343,2730,1252,10231
instructions_T28_idx263_x0_4_x2_1_x10_1.qasm,2528,152671,73591,363,71543,4890,2284,12331
instructions_T28_idx264_x0_4_x3_4.qasm,368,29224,14231,44,13919,744,286,7519
instructions_T28_idx265_x0_4_x3_2_x6_1.qasm,2117,135751,65583,308,63822,4098,1940,13198
instructions_T28_idx266_x0_4_x3_1_x4_1_x5_1.qasm,9506,581450,280510,1320,273009,18324,8287,47389
instructions_T28_idx267_x0_4_x3_1_x9_1.qasm,3065,185140,89244,440,86767,5922,2767,16423
instructions_T28_idx268_x0_4_x4_3.qasm,420,30722,14911,55,14560,842,354,6392
instructions_T28_idx269_x0_4_x4_1_x8_1.qasm,3455,209122,100819,495,98024,6672,3112,19808
instructions_T28_idx270_x0_4_x5_1_x7_1.qasm,3698,224627,108309,528,105331,7140,3319,22486
instructions_T28_idx271_x0_4_x6_2.qasm,545,36455,17630,77,17177,1080,491,5620
instructions_T28_idx272_x0_4_x12_1.qasm,998,59633,28718,143,27918,1950,904,6285
instructions_T28_idx273_x0_2_x1_13.qasm,344,41825,20687,22,20353,652,111,20465
instructions_T28_idx274_x0_2_x1_11_x2_1.qasm,604,58331,28645,66,28087,1148,385,20030
instructions_T28_idx275_x0_2_x1_10_x3_1.qasm,724,63991,31332,88,30673,1376,522,18876
instructions_T28_idx276_x0_2_x1_9_x2_2.qasm,608,58387,28669,66,28111,1156,385,18466
instructions_T28_idx277_x0_2_x1_9_x4_1.qasm,848,69710,34045,110,33284,1612,659,17723
instructions_T28_idx278_x0_2_x1_8_x2_1_x3_1.qasm,1910,141828,68968,264,67320,3652,1624,20265
instructions_T28_idx279_x0_2_x1_8_x5_1.qasm,976,75486,36782,132,35920,1856,796,16570
instructions_T28_idx280_x0_2_x1_7_x2_3.qasm,612,58443,28693,66,28135,1164,385,16902
instructions_T28_idx281_x0_2_x1_7_x2_1_x4_1.qasm,2334,164604,79887,330,77886,4464,2037,19508
instructions_T28_idx282_x0_2_x1_7_x3_2.qasm,714,61407,30041,88,29401,1356,521,15785
instructions_T28_idx283_x0_2_x1_7_x6_1.qasm,1108,81319,39545,154,38579,2108,933,15418
instructions_T28_idx284_x0_2_x1_6_x2_2_x3_1.qasm,1914,141884,68992,264,67344,3660,1624,17221
instructions_T28_idx285_x0_2_x1_6_x2_1_x5_1.qasm,2770,187542,90866,396,88530,5300,2450,18755
instructions_T28_idx286_x0_2_x1_6_x3_1_x4_1.qasm,3094,209843,101676,440,99077,5924,2726,21111
instructions_T28_idx287_x0_2_x1_6_x7_1.qasm,1244,87204,42328,176,41262,2368,1070,14268
instructions_T28_idx288_x0_2_x1_5_x2_4.qasm,616,58498,28717,66,28158,1172,385,15338
instructions_T28_idx289_x0_2_x1_5_x2_2_x4_1.qasm,2338,164661,79911,330,77911,4472,2037,16464
instructions_T28_idx290_x0_2_x1_5_x2_1_x3_2.qasm,1986,150221,73117,264,71409,3804,1627,17194
instructions_T28_idx291_x0_2_x1_5_x2_1_x6_1.qasm,3218,210649,101923,462,99241,6160,2863,18004
instructions_T28_idx292_x0_2_x1_5_x3_1_x5_1.qasm,3690,241454,116821,528,113760,7068,3277,20738
instructions_T28_idx293_x0_2_x1_5_x4_2.qasm,824,64488,31439,110,30718,1564,657,13105
instructions_T28_idx294_x0_2_x1_5_x8_1.qasm,1384,93145,45137,198,43967,2636,1207,13119
instructions_T28_idx295_x0_2_x1_4_x2_3_x3_1.qasm,1918,141940,69016,264,67368,3668,1624,14999
instructions_T28_idx296_x0_2_x1_4_x2_2_x5_1.qasm,2774,187598,90890,396,88554,5308,2450,15711
instructions_T28_idx297_x0_2_x1_4_x2_1_x3_1_x4_1.qasm,9508,605760,292776,1320,285148,18272,8244,31245
instructions_T28_idx298_x0_2_x1_4_x2_1_x7_1.qasm,3678,233924,113052,528,110024,7044,3276,17253
instructions_T28_idx299_x0_2_x1_4_x3_3.qasm,704,58825,28750,88,28131,1336,520,12694
instructions_T28_idx300_x0_2_x1_4_x3_1_x6_1.qasm,4302,273283,132062,616,128533,8244,3828,20365
instructions_T28_idx301_x0_2_x1_4_x4_1_x5_1.qasm,4636,295726,142928,660,139146,8888,4104,22730
instructions_T28_idx302_x0_2_x1_4_x9_1.qasm,1528,99146,47970,220,46700,2912,1344,11970
instructions_T28_idx303_x0_2_x1_3_x2_5.qasm,620,58555,28741,66,28183,1180,385,13774
instructions_T28_idx304_x0_2_x1_3_x2_3_x4_1.qasm,2342,164717,79935,330,77935,4480,2037,13887
instructions_T28_idx305_x0_2_x1_3_x2_2_x3_2.qasm,1990,150277,73141,264,71433,3812,1627,14150
instructions_T28_idx306_x0_2_x1_3_x2_2_x6_1.qasm,3222,210705,101947,462,99265,6168,2863,14960
instructions_T28_idx307_x0_2_x1_3_x2_1_x3_1_x5_1.qasm,11408,707071,341369,1584,332291,21928,9899,32112
instructions_T28_idx308_x0_2_x1_3_x2_1_x4_2.qasm,2400,170415,82745,330,80705,4596,2039,14910
instructions_T28_idx309_x0_2_x1_3_x2_1_x8_1.qasm,4150,257366,124259,594,120872,7952,3689,16504
instructions_T28_idx310_x0_2_x1_3_x3_2_x4_1.qasm,3084,207260,100385,440,97806,5904,2725,16540
instructions_T28_idx311_x0_2_x1_3_x3_1_x7_1.qasm,4930,305344,147407,704,143402,9452,4379,19995
instructions_T28_idx312_x0_2_x1_3_x4_1_x6_1.qasm,5416,336344,162387,770,158006,10388,4793,22739
instructions_T28_idx313_x0_2_x1_3_x5_2.qasm,938,67625,32861,132,32059,1780,793,10425
instructions_T28_idx314_x0_2_x1_3_x10_1.qasm,1676,105202,50829,242,49454,3196,1481,10822
instructions_T28_idx315_x0_2_x1_2_x2_4_x3_1.qasm,1922,141996,69040,264,67392,3676,1624,13435
instructions_T28_idx316_x0_2_x1_2_x2_3_x5_1.qasm,2778,187653,90914,396,88577,5316,2450,12777
instructions_T28_idx317_x0_2_x1_2_x2_2_x3_1_x4_1.qasm,9512,605816,292800,1320,285172,18280,8244,28201
instructions_T28_idx318_x0_2_x1_2_x2_2_x7_1.qasm,3682,233980,113076,528,110048,7052,3276,14209
instructions_T28_idx319_x0_2_x1_2_x2_1_x3_3.qasm,2062,158613,77266,264,75497,3956,1630,14123
instructions_T28_idx320_x0_2_x1_2_x2_1_x3_1_x6_1.qasm,13356,809012,390226,1848,379704,25680,11554,32973
instructions_T28_idx321_x0_2_x1_2_x2_1_x4_1_x5_1.qasm,14408,877026,423106,1980,411846,27712,12382,37747
instructions_T28_idx322_x0_2_x1_2_x2_1_x9_1.qasm,4634,280984,135532,660,131806,8884,4102,15753
instructions_T28_idx323_x0_2_x1_2_x3_2_x5_1.qasm,3680,238871,115530,528,112489,7048,3276,16167
instructions_T28_idx324_x0_2_x1_2_x3_1_x4_2.qasm,3208,221211,107284,440,104605,6152,2730,16523
instructions_T28_idx325_x0_2_x1_2_x3_1_x8_1.qasm,5574,337613,162840,792,158359,10692,4930,19622
instructions_T28_idx326_x0_2_x1_2_x4_1_x7_1.qasm,6216,377231,181956,880,176985,11928,5482,22744
instructions_T28_idx327_x0_2_x1_2_x5_1_x6_1.qasm,6560,399818,192884,924,187660,12592,5758,25113
instructions_T28_idx328_x0_2_x1_2_x11_1.qasm,1828,111312,53710,264,52232,3488,1618,9673
instructions_T28_idx329_x0_2_x1_1_x2_6.qasm,624,58611,28765,66,28207,1188,385,12210
instructions_T28_idx330_x0_2_x1_1_x2_4_x4_1.qasm,2346,164773,79959,330,77959,4488,2037,12323
instructions_T28_idx331_x0_2_x1_1_x2_3_x3_2.qasm,1994,150333,73165,264,71457,3820,1627,11928
instructions_T28_idx332_x0_2_x1_1_x2_3_x6_1.qasm,3226,210761,101971,462,99289,6176,2863,11916
instructions_T28_idx333_x0_2_x1_1_x2_2_x3_1_x5_1.qasm,11412,707127,341393,1584,332315,21936,9899,29068
instructions_T28_idx334_x0_2_x1_1_x2_2_x4_2.qasm,2404,170471,82769,330,80729,4604,2039,11866
instructions_T28_idx335_x0_2_x1_1_x2_2_x8_1.qasm,4154,257423,124283,594,120897,7960,3689,13460
instructions_T28_idx336_x0_2_x1_1_x2_1_x3_2_x4_1.qasm,9584,614153,296925,1320,289237,18424,8247,26694
instructions_T28_idx337_x0_2_x1_1_x2_1_x3_1_x7_1.qasm,15352,911649,439395,2112,427405,29528,13209,33840
instructions_T28_idx338_x0_2_x1_1_x2_1_x4_1_x6_1.qasm,16880,1005611,484737,2310,471637,32476,14451,39392
instructions_T28_idx339_x0_2_x1_1_x2_1_x5_2.qasm,2826,190769,92433,396,90077,5412,2451,12630
instructions_T28_idx340_x0_2_x1_1_x2_1_x10_1.qasm,5130,304765,146883,726,142801,9840,4515,15004
instructions_T28_idx341_x0_2_x1_1_x3_4.qasm,694,56242,27459,88,26860,1316,519,9603
instructions_T28_idx342_x0_2_x1_1_x3_2_x6_1.qasm,4292,270700,130771,616,127262,8224,3827,15794
instructions_T28_idx343_x0_2_x1_1_x3_1_x4_1_x5_1.qasm,19476,1167856,563133,2640,548074,37488,16521,52024
instructions_T28_idx344_x0_2_x1_1_x3_1_x9_1.qasm,6234,370130,178377,880,173428,11964,5481,19252
instructions_T28_idx345_x0_2_x1_1_x4_3.qasm,800,59266,28833,110,28152,1516,655,8487
instructions_T28_idx346_x0_2_x1_1_x4_1_x8_1.qasm,7036,418398,201655,990,196074,13508,6171,22753
instructions_T28_idx347_x0_2_x1_1_x5_1_x7_1.qasm,7536,449607,216721,1056,210773,14472,6585,25501
instructions_T28_idx348_x0_2_x1_1_x6_2.qasm,1056,70819,34309,154,33423,2004,929,7746
instructions_T28_idx349_x0_2_x1_1_x12_1.qasm,1984,117483,56617,286,55037,3788,1755,8525
instructions_T28_idx350_x0_2_x2_5_x3_1.qasm,940,70109,34104,132,33296,1784,793,10878
instructions_T28_idx351_x0_2_x2_4_x5_1.qasm,1357,92787,44978,198,43823,2582,1206,10107
instructions_T28_idx352_x0_2_x2_3_x3_1_x4_1.qasm,4629,300535,145348,660,141550,8874,4103,23085
instructions_T28_idx353_x0_2_x2_3_x7_1.qasm,1798,115793,55990,264,54492,3428,1619,9943
instructions_T28_idx354_x0_2_x2_2_x3_3.qasm,1007,78376,38199,132,37331,1918,796,10055
instructions_T28_idx355_x0_2_x2_2_x3_1_x6_1.qasm,6504,401475,193779,924,188534,12480,5758,27387
instructions_T28_idx356_x0_2_x2_2_x4_1_x5_1.qasm,7015,435283,210141,990,204514,13466,6172,32019
instructions_T28_idx357_x0_2_x2_2_x9_1.qasm,2263,139141,67152,330,65305,4322,2032,11377
instructions_T28_idx358_x0_2_x2_1_x3_2_x5_1.qasm,5588,354969,171533,792,166992,10720,4932,25233
instructions_T28_idx359_x0_2_x2_1_x3_1_x4_2.qasm,4870,328339,159104,660,155106,9356,4113,24565
instructions_T28_idx360_x0_2_x2_1_x3_1_x8_1.qasm,8475,503738,242786,1188,236073,16278,7413,31689
instructions_T28_idx361_x0_2_x2_1_x4_1_x7_1.qasm,9456,563420,271571,1320,264120,18168,8241,37755
instructions_T28_idx362_x0_2_x2_1_x5_1_x6_1.qasm,9982,597429,288011,1386,280193,19184,8655,42383
instructions_T28_idx363_x0_2_x2_1_x11_1.qasm,2752,162822,78458,396,76259,5264,2445,12811
instructions_T28_idx364_x0_2_x3_3_x4_1.qasm,1499,101213,49030,220,47766,2854,1343,10815
instructions_T28_idx365_x0_2_x3_2_x7_1.qasm,2399,149925,72395,352,70426,4582,2170,14034
instructions_T28_idx366_x0_2_x3_1_x4_1_x6_1.qasm,11116,665645,320910,1540,312206,21368,9621,51459
instructions_T28_idx367_x0_2_x3_1_x5_2.qasm,1850,123864,59994,264,58453,3532,1621,13366
instructions_T28_idx368_x0_2_x3_1_x10_1.qasm,3371,199651,96204,484,93512,6454,2997,17262
instructions_T28_idx369_x0_2_x4_2_x5_1.qasm,2248,143846,69523,330,67669,4292,2032,15270
instructions_T28_idx370_x0_2_x4_1_x9_1.qasm,3841,227975,109860,550,106796,7358,3411,21006
instructions_T28_idx371_x0_2_x5_1_x8_1.qasm,4162,247775,119419,594,116099,7976,3687,24043
instructions_T28_idx372_x0_2_x6_1_x7_1.qasm,4334,259075,124884,616,121442,8308,3825,26366
instructions_T28_idx373_x0_2_x13_1.qasm,1052,60976,29363,154,28536,1996,927,6406
instructions_T28_idx374_x0_0_x1_14.qasm,328,41430,20542,22,20222,564,80,21812
instructions_T28_idx375_x0_0_x1_12_x2_1.qasm,588,57936,28500,66,27956,1060,354,21377
instructions_T28_idx376_x0_0_x1_11_x3_1.qasm,708,63596,31187,88,30542,1288,491,20223
instructions_T28_idx377_x0_0_x1_10_x2_2.qasm,592,57992,28524,66,27980,1068,354,19813
instructions_T28_idx378_x0_0_x1_10_x4_1.qasm,832,69315,33900,110,33153,1524,628,19070
instructions_T28_idx379_x0_0_x1_9_x2_1_x3_1.qasm,1894,141433,68823,264,67189,3564,1593,21612
instructions_T28_idx380_x0_0_x1_9_x5_1.qasm,960,75091,36637,132,35789,1768,765,17917
instructions_T28_idx381_x0_0_x1_8_x2_3.qasm,596,58048,28548,66,28004,1076,354,18249
instructions_T28_idx382_x0_0_x1_8_x2_1_x4_1.qasm,2318,164209,79742,330,77755,4376,2006,20855
instructions_T28_idx383_x0_0_x1_8_x3_2.qasm,698,61012,29896,88,29270,1268,490,17132
instructions_T28_idx384_x0_0_x1_8_x6_1.qasm,1092,80924,39400,154,38448,2020,902,16765
instructions_T28_idx385_x0_0_x1_7_x2_2_x3_1.qasm,1898,141489,68847,264,67213,3572,1593,18568
instructions_T28_idx386_x0_0_x1_7_x2_1_x5_1.qasm,2754,187147,90721,396,88399,5212,2419,20102
instructions_T28_idx387_x0_0_x1_7_x3_1_x4_1.qasm,3078,209448,101531,440,98946,5836,2695,22458
instructions_T28_idx388_x0_0_x1_7_x7_1.qasm,1228,86809,42183,176,41131,2280,1039,15615
instructions_T28_idx389_x0_0_x1_6_x2_4.qasm,600,58103,28572,66,28027,1084,354,16685
instructions_T28_idx390_x0_0_x1_6_x2_2_x4_1.qasm,2322,164266,79766,330,77780,4384,2006,17811
instructions_T28_idx391_x0_0_x1_6_x2_1_x3_2.qasm,1970,149826,72972,264,71278,3716,1596,18541
instructions_T28_idx392_x0_0_x1_6_x2_1_x6_1.qasm,3202,210254,101778,462,99110,6072,2832,19351
instructions_T28_idx393_x0_0_x1_6_x3_1_x5_1.qasm,3674,241059,116676,528,113629,6980,3246,22085
instructions_T28_idx394_x0_0_x1_6_x4_2.qasm,808,64093,31294,110,30587,1476,626,14452
instructions_T28_idx395_x0_0_x1_6_x8_1.qasm,1368,92750,44992,198,43836,2548,1176,14466
instructions_T28_idx396_x0_0_x1_5_x2_3_x3_1.qasm,1902,141545,68871,264,67237,3580,1593,16346
instructions_T28_idx397_x0_0_x1_5_x2_2_x5_1.qasm,2758,187203,90745,396,88423,5220,2419,17058
instructions_T28_idx398_x0_0_x1_5_x2_1_x3_1_x4_1.qasm,9492,605365,292631,1320,285017,18184,8213,32592
instructions_T28_idx399_x0_0_x1_5_x2_1_x7_1.qasm,3662,233529,112907,528,109893,6956,3245,18600
instructions_T28_idx400_x0_0_x1_5_x3_3.qasm,688,58430,28605,88,28000,1248,489,14041
instructions_T28_idx401_x0_0_x1_5_x3_1_x6_1.qasm,4286,272888,131917,616,128402,8156,3797,21712
instructions_T28_idx402_x0_0_x1_5_x4_1_x5_1.qasm,4620,295331,142783,660,139015,8800,4073,24077
instructions_T28_idx403_x0_0_x1_5_x9_1.qasm,1512,98751,47825,220,46569,2824,1313,13317
instructions_T28_idx404_x0_0_x1_4_x2_5.qasm,604,58160,28596,66,28052,1092,354,15121
instructions_T28_idx405_x0_0_x1_4_x2_3_x4_1.qasm,2326,164322,79790,330,77804,4392,2006,15234
instructions_T28_idx406_x0_0_x1_4_x2_2_x3_2.qasm,1974,149882,72996,264,71302,3724,1596,15497
instructions_T28_idx407_x0_0_x1_4_x2_2_x6_1.qasm,3206,210310,101802,462,99134,6080,2832,16307
instructions_T28_idx408_x0_0_x1_4_x2_1_x3_1_x5_1.qasm,11392,706676,341224,1584,332160,21840,9868,33459
instructions_T28_idx409_x0_0_x1_4_x2_1_x4_2.qasm,2384,170020,82600,330,80574,4508,2008,16257
instructions_T28_idx410_x0_0_x1_4_x2_1_x8_1.qasm,4134,256971,124114,594,120741,7864,3658,17851
instructions_T28_idx411_x0_0_x1_4_x3_2_x4_1.qasm,3068,206865,100240,440,97675,5816,2694,17887
instructions_T28_idx412_x0_0_x1_4_x3_1_x7_1.qasm,4914,304949,147262,704,143271,9364,4348,21342
instructions_T28_idx413_x0_0_x1_4_x4_1_x6_1.qasm,5400,335949,162242,770,157875,10300,4762,24086
instructions_T28_idx414_x0_0_x1_4_x5_2.qasm,922,67230,32716,132,31928,1692,762,11772
instructions_T28_idx415_x0_0_x1_4_x10_1.qasm,1660,104807,50684,242,49323,3108,1450,12169
instructions_T28_idx416_x0_0_x1_3_x2_4_x3_1.qasm,1906,141601,68895,264,67261,3588,1593,14782
instructions_T28_idx417_x0_0_x1_3_x2_3_x5_1.qasm,2762,187258,90769,396,88446,5228,2419,14124
instructions_T28_idx418_x0_0_x1_3_x2_2_x3_1_x4_1.qasm,9496,605421,292655,1320,285041,18192,8213,29548
instructions_T28_idx419_x0_0_x1_3_x2_2_x7_1.qasm,3666,233585,112931,528,109917,6964,3245,15556
instructions_T28_idx420_x0_0_x1_3_x2_1_x3_3.qasm,2046,158218,77121,264,75366,3868,1599,15470
instructions_T28_idx421_x0_0_x1_3_x2_1_x3_1_x6_1.qasm,13340,808617,390081,1848,379573,25592,11523,34320
instructions_T28_idx422_x0_0_x1_3_x2_1_x4_1_x5_1.qasm,14392,876631,422961,1980,411715,27624,12351,39094
instructions_T28_idx423_x0_0_x1_3_x2_1_x9_1.qasm,4618,280589,135387,660,131675,8796,4071,17100
instructions_T28_idx424_x0_0_x1_3_x3_2_x5_1.qasm,3664,238476,115385,528,112358,6960,3245,17514
instructions_T28_idx425_x0_0_x1_3_x3_1_x4_2.qasm,3192,220816,107139,440,104474,6064,2699,17870
instructions_T28_idx426_x0_0_x1_3_x3_1_x8_1.qasm,5558,337218,162695,792,158228,10604,4899,20969
instructions_T28_idx427_x0_0_x1_3_x4_1_x7_1.qasm,6200,376836,181811,880,176854,11840,5451,24091
instructions_T28_idx428_x0_0_x1_3_x5_1_x6_1.qasm,6544,399423,192739,924,187529,12504,5727,26460
instructions_T28_idx429_x0_0_x1_3_x11_1.qasm,1812,110917,53565,264,52101,3400,1587,11020
instructions_T28_idx430_x0_0_x1_2_x2_6.qasm,608,58216,28620,66,28076,1100,354,13557
instructions_T28_idx431_x0_0_x1_2_x2_4_x4_1.qasm,2330,164378,79814,330,77828,4400,2006,13670
instructions_T28_idx432_x0_0_x1_2_x2_3_x3_2.qasm,1978,149938,73020,264,71326,3732,1596,13275
instructions_T28_idx433_x0_0_x1_2_x2_3_x6_1.qasm,3210,210366,101826,462,99158,6088,2832,13263
instructions_T28_idx434_x0_0_x1_2_x2_2_x3_1_x5_1.qasm,11396,706732,341248,1584,332184,21848,9868,30415
instructions_T28_idx435_x0_0_x1_2_x2_2_x4_2.qasm,2388,170076,82624,330,80598,4516,2008,13213
instructions_T28_idx436_x0_0_x1_2_x2_2_x8_1.qasm,4138,257028,124138,594,120766,7872,3658,14807
instructions_T28_idx437_x0_0_x1_2_x2_1_x3_2_x4_1.qasm,9568,613758,296780,1320,289106,18336,8216,28041
instructions_T28_idx438_x0_0_x1_2_x2_1_x3_1_x7_1.qasm,15336,911254,439250,2112,427274,29440,13178,35187
instructions_T28_idx439_x0_0_x1_2_x2_1_x4_1_x6_1.qasm,16864,1005216,484592,2310,471506,32388,14420,40739
instructions_T28_idx440_x0_0_x1_2_x2_1_x5_2.qasm,2810,190374,92288,396,89946,5324,2420,13977
instructions_T28_idx441_x0_0_x1_2_x2_1_x10_1.qasm,5114,304370,146738,726,142670,9752,4484,16351
instructions_T28_idx442_x0_0_x1_2_x3_4.qasm,678,55847,27314,88,26729,1228,488,10950
instructions_T28_idx443_x0_0_x1_2_x3_2_x6_1.qasm,4276,270305,130626,616,127131,8136,3796,17141
instructions_T28_idx444_x0_0_x1_2_x3_1_x4_1_x5_1.qasm,19460,1167461,562988,2640,547943,37400,16490,53371
instructions_T28_idx445_x0_0_x1_2_x3_1_x9_1.qasm,6218,369735,178232,880,173297,11876,5450,20599
instructions_T28_idx446_x0_0_x1_2_x4_3.qasm,784,58871,28688,110,28021,1428,624,9834
instructions_T28_idx447_x0_0_x1_2_x4_1_x8_1.qasm,7020,418003,201510,990,195943,13420,6140,24100
instructions_T28_idx448_x0_0_x1_2_x5_1_x7_1.qasm,7520,449212,216576,1056,210642,14384,6554,26848
instructions_T28_idx449_x0_0_x1_2_x6_2.qasm,1040,70424,34164,154,33292,1916,898,9093
instructions_T28_idx450_x0_0_x1_2_x12_1.qasm,1968,117088,56472,286,54906,3700,1724,9872
instructions_T28_idx451_x0_0_x1_1_x2_5_x3_1.qasm,1910,141657,68919,264,67285,3596,1593,13218
instructions_T28_idx452_x0_0_x1_1_x2_4_x5_1.qasm,2766,187315,90793,396,88471,5236,2419,12560
instructions_T28_idx453_x0_0_x1_1_x2_3_x3_1_x4_1.qasm,9500,605476,292679,1320,285064,18200,8213,26504
instructions_T28_idx454_x0_0_x1_1_x2_3_x7_1.qasm,3670,233641,112955,528,109941,6972,3245,12512
instructions_T28_idx455_x0_0_x1_1_x2_2_x3_3.qasm,2050,158275,77145,264,75391,3876,1599,12426
instructions_T28_idx456_x0_0_x1_1_x2_2_x3_1_x6_1.qasm,13344,808673,390105,1848,379597,25600,11523,31276
instructions_T28_idx457_x0_0_x1_1_x2_2_x4_1_x5_1.qasm,14396,876687,422985,1980,411739,27632,12351,36050
instructions_T28_idx458_x0_0_x1_1_x2_2_x9_1.qasm,4622,280645,135411,660,131699,8804,4071,14056
instructions_T28_idx459_x0_0_x1_1_x2_1_x3_2_x5_1.qasm,11468,715069,345373,1584,336249,21992,9871,28908
instructions_T28_idx460_x0_0_x1_1_x2_1_x3_1_x4_2.qasm,10002,661365,320311,1320,312297,19204,8233,28084
instructions_T28_idx461_x0_0_x1_1_x2_1_x3_1_x8_1.qasm,17380,1014539,488707,2376,475239,33384,14833,36054
instructions_T28_idx462_x0_0_x1_1_x2_1_x4_1_x7_1.qasm,19396,1134641,546583,2640,531657,37272,16489,42384
instructions_T28_idx463_x0_0_x1_1_x2_1_x5_1_x6_1.qasm,20478,1203138,579703,2772,563982,39364,17317,47160
instructions_T28_idx464_x0_0_x1_1_x2_1_x11_1.qasm,5622,328321,158161,792,153739,10732,4897,15602
instructions_T28_idx465_x0_0_x1_1_x3_3_x4_1.qasm,3058,204282,98949,440,96404,5796,2693,13316
instructions_T28_idx466_x0_0_x1_1_x3_2_x7_1.qasm,4904,302366,145971,704,142000,9344,4347,16771
instructions_T28_idx467_x0_0_x1_1_x3_1_x4_1_x6_1.qasm,22808,1340450,645885,3080,628380,43856,19249,56552
instructions_T28_idx468_x0_0_x1_1_x3_1_x5_2.qasm,3780,249872,121005,528,117898,7192,3249,15970
instructions_T28_idx469_x0_0_x1_1_x3_1_x10_1.qasm,6894,402462,193865,968,188448,13180,6001,20229
instructions_T28_idx470_x0_0_x1_1_x4_2_x5_1.qasm,4596,290110,140177,660,136450,8752,4071,17979
instructions_T28_idx471_x0_0_x1_1_x4_1_x9_1.qasm,7860,459469,221329,1100,215171,15040,6829,24109
instructions_T28_idx472_x0_0_x1_1_x5_1_x8_1.qasm,8520,499325,240557,1188,233887,16312,7381,27236
instructions_T28_idx473_x0_0_x1_1_x6_1_x7_1.qasm,8874,522055,251537,1232,244633,16996,7657,29602
instructions_T28_idx474_x0_0_x1_1_x13_1.qasm,2128,123312,59403,308,57732,4008,1861,8724
instructions_T28_idx475_x0_0_x2_7.qasm,286,26952,13272,33,13031,474,142,11191
instructions_T28_idx476_x0_0_x2_5_x4_1.qasm,1122,79681,38716,165,37758,2074,968,11052
instructions_T28_idx477_x0_0_x2_4_x3_2.qasm,950,72519,35346,132,34530,1748,763,10698
instructions_T28_idx478_x0_0_x2_4_x6_1.qasm,1551,102523,49659,231,48356,2896,1381,10284
instructions_T28_idx479_x0_0_x2_3_x3_1_x5_1.qasm,5531,349113,168680,792,164192,10550,4899,25053
instructions_T28_idx480_x0_0_x2_3_x4_2.qasm,1150,82516,40115,165,39137,2130,969,9572
instructions_T28_idx481_x0_0_x2_3_x8_1.qasm,2004,125698,60746,297,59095,3766,1794,10479
instructions_T28_idx482_x0_0_x2_2_x3_2_x4_1.qasm,4639,302946,146590,660,142785,8838,4073,22905
instructions_T28_idx483_x0_0_x2_2_x3_1_x7_1.qasm,7454,450716,217399,1056,211455,14252,6554,29355
instructions_T28_idx484_x0_0_x2_2_x4_1_x6_1.qasm,8197,497411,239953,1155,233444,15684,7175,34703
instructions_T28_idx485_x0_0_x2_2_x5_2.qasm,1356,92601,44923,198,43781,2524,1175,9813
instructions_T28_idx486_x0_0_x2_2_x10_1.qasm,2481,149215,71980,363,69981,4684,2207,11913
instructions_T28_idx487_x0_0_x2_1_x3_4.qasm,1017,80787,39441,132,38566,1882,766,11355
instructions_T28_idx488_x0_0_x2_1_x3_2_x6_1.qasm,6514,403886,195021,924,189769,12444,5728,27207
instructions_T28_idx489_x0_0_x2_1_x3_1_x4_1_x5_1.qasm,29696,1755352,846048,3960,823423,57152,24769,97030
instructions_T28_idx490_x0_0_x2_1_x3_1_x9_1.qasm,9473,553675,266706,1320,259294,18146,8209,33663
instructions_T28_idx491_x0_0_x2_1_x4_3.qasm,1178,85351,41514,165,40516,2186,970,10583
instructions_T28_idx492_x0_0_x2_1_x4_1_x8_1.qasm,10698,626388,301758,1485,293395,20506,9244,40447
instructions_T28_idx493_x0_0_x2_1_x5_1_x7_1.qasm,11462,673386,324429,1584,315528,21980,9865,45793
instructions_T28_idx494_x0_0_x2_1_x6_2.qasm,1568,102762,49761,231,48459,2930,1381,10527
instructions_T28_idx495_x0_0_x2_1_x12_1.qasm,2982,173072,83361,429,81012,5650,2620,13349
instructions_T28_idx496_x0_0_x3_3_x5_1.qasm,1765,115173,55742,264,54274,3306,1587,11706
instructions_T28_idx497_x0_0_x3_2_x4_2.qasm,1534,106418,51653,220,50363,2868,1314,12115
instructions_T28_idx498_x0_0_x3_2_x8_1.qasm,2689,164223,79259,396,77072,5082,2414,14931
instructions_T28_idx499_x0_0_x3_1_x4_1_x7_1.qasm,12766,750411,361550,1760,351640,24492,10969,55587
instructions_T28_idx500_x0_0_x3_1_x5_1_x6_1.qasm,13479,795959,383580,1848,373140,25870,11521,62526
instructions_T28_idx501_x0_0_x3_1_x11_1.qasm,3685,214288,103212,528,100305,7002,3241,18159
instructions_T28_idx502_x0_0_x4_2_x6_1.qasm,2604,162281,78379,385,76254,4918,2345,16522
instructions_T28_idx503_x0_0_x4_1_x5_2.qasm,2311,151886,73545,330,71645,4362,2004,16570
instructions_T28_idx504_x0_0_x4_1_x10_1.qasm,4237,246971,118961,605,115617,8064,3724,22262
instructions_T28_idx505_x0_0_x5_1_x9_1.qasm,4638,271114,130601,660,126948,8836,4069,25658
instructions_T28_idx506_x0_0_x6_1_x8_1.qasm,4888,286708,138135,693,134286,9318,4276,28340
instructions_T28_idx507_x0_0_x7_2.qasm,556,34582,16737,88,16291,984,482,5557
instructions_T28_idx508_x0_0_x14_1.qasm,1108,62361,30020,165,29166,2046,964,6585
instructions_T30_idx001_x0_30.qasm,528,46126,22080,16,21557,1800,673,3723
instructions_T30_idx002_x0_28_x1_1.qasm,568,49783,23899,22,23337,1828,697,5236
instructions_T30_idx003_x0_26_x1_2.qasm,552,49376,23754,22,23208,1740,652,6524
instructions_T30_idx004_x0_26_x2_1.qasm,600,50817,24410,33,23824,1830,720,5347
instructions_T30_idx005_x0_24_x1_3.qasm,536,48969,23609,22,23079,1652,607,7813
instructions_T30_idx006_x0_24_x1_1_x2_1.qasm,796,65475,31567,66,30813,2148,881,7378
instructions_T30_idx007_x0_24_x3_1.qasm,634,51880,24934,44,24323,1836,743,5459
instructions_T30_idx008_x0_22_x1_4.qasm,520,48562,23464,22,22950,1564,562,9102
instructions_T30_idx009_x0_22_x1_2_x2_1.qasm,780,65068,31422,66,30684,2060,836,8667
instructions_T30_idx010_x0_22_x1_1_x3_1.qasm,900,70728,34109,88,33270,2288,973,7513
instructions_T30_idx011_x0_22_x2_2.qasm,553,47350,22799,33,22265,1624,629,6351
instructions_T30_idx012_x0_22_x4_1.qasm,670,52970,25469,55,24834,1846,766,5574
instructions_T30_idx013_x0_20_x1_5.qasm,504,48155,23319,22,22821,1476,517,10391
instructions_T30_idx014_x0_20_x1_3_x2_1.qasm,764,64661,31277,66,30555,1972,791,9956
instructions_T30_idx015_x0_20_x1_2_x3_1.qasm,884,70321,33964,88,33141,2200,928,8802
instructions_T30_idx016_x0_20_x1_1_x2_2.qasm,768,64717,31301,66,30579,1980,791,8392
instructions_T30_idx017_x0_20_x1_1_x4_1.qasm,1008,76040,36677,110,35752,2436,1065,7649
instructions_T30_idx018_x0_20_x2_1_x3_1.qasm,1160,87051,42020,132,40968,2728,1203,9237
instructions_T30_idx019_x0_20_x5_1.qasm,708,54089,26017,66,25357,1860,789,5690
instructions_T30_idx020_x0_18_x1_6.qasm,488,47748,23174,22,22692,1388,472,11680
instructions_T30_idx021_x0_18_x1_4_x2_1.qasm,748,64254,31132,66,30426,1884,746,11245
instructions_T30_idx022_x0_18_x1_3_x3_1.qasm,868,69914,33819,88,33012,2112,883,10091
instructions_T30_idx023_x0_18_x1_2_x2_2.qasm,752,64310,31156,66,30450,1892,746,9681
instructions_T30_idx024_x0_18_x1_2_x4_1.qasm,992,75633,36532,110,35623,2348,1020,8938
instructions_T30_idx025_x0_18_x1_1_x2_1_x3_1.qasm,2054,147751,71455,264,69659,4388,1985,11480
instructions_T30_idx026_x0_18_x1_1_x5_1.qasm,1120,81409,39269,132,38259,2592,1157,7785
instructions_T30_idx027_x0_18_x2_3.qasm,506,43883,21188,33,20706,1418,538,7355
instructions_T30_idx028_x0_18_x2_1_x4_1.qasm,1342,96612,46632,165,45433,3018,1364,9707
instructions_T30_idx029_x0_18_x3_2.qasm,556,45353,21857,44,21334,1512,606,6225
instructions_T30_idx030_x0_18_x6_1.qasm,748,55236,26577,77,25892,1878,812,5806
instructions_T30_idx031_x0_16_x1_7.qasm,472,47341,23029,22,22563,1300,427,12969
instructions_T30_idx032_x0_16_x1_5_x2_1.qasm,732,63847,30987,66,30297,1796,701,12534
instructions_T30_idx033_x0_16_x1_4_x3_1.qasm,852,69507,33674,88,32883,2024,838,11380
instructions_T30_idx034_x0_16_x1_3_x2_2.qasm,736,63903,31011,66,30321,1804,701,10970
instructions_T30_idx035_x0_16_x1_3_x4_1.qasm,976,75226,36387,110,35494,2260,975,10227
instructions_T30_idx036_x0_16_x1_2_x2_1_x3_1.qasm,2038,147344,71310,264,69530,4300,1940,12769
instructions_T30_idx037_x0_16_x1_2_x5_1.qasm,1104,81002,39124,132,38130,2504,1112,9074
instructions_T30_idx038_x0_16_x1_1_x2_3.qasm,740,63959,31035,66,30345,1812,701,9406
instructions_T30_idx039_x0_16_x1_1_x2_1_x4_1.qasm,2462,170120,82229,330,80096,5112,2353,12012
instructions_T30_idx040_x0_16_x1_1_x3_2.qasm,842,66923,32383,88,31611,2004,837,8289
instructions_T30_idx041_x0_16_x1_1_x6_1.qasm,1236,86835,41887,154,40789,2756,1249,7922
instructions_T30_idx042_x0_16_x2_2_x3_1.qasm,1113,83584,40409,132,39409,2522,1112,8761
instructions_T30_idx043_x0_16_x2_1_x5_1.qasm,1530,106262,51283,198,49936,3320,1525,10179
instructions_T30_idx044_x0_16_x3_1_x4_1.qasm,1687,117340,56656,220,55179,3622,1663,12481
instructions_T30_idx045_x0_16_x7_1.qasm,790,56412,27150,88,26439,1900,835,5923
instructions_T30_idx046_x0_14_x1_8.qasm,456,46934,22884,22,22434,1212,382,14258
instructions_T30_idx047_x0_14_x1_6_x2_1.qasm,716,63440,30842,66,30168,1708,656,13823
instructions_T30_idx048_x0_14_x1_5_x3_1.qasm,836,69100,33529,88,32754,1936,793,12669
instructions_T30_idx049_x0_14_x1_4_x2_2.qasm,720,63496,30866,66,30192,1716,656,12259
instructions_T30_idx050_x0_14_x1_4_x4_1.qasm,960,74819,36242,110,35365,2172,930,11516
instructions_T30_idx051_x0_14_x1_3_x2_1_x3_1.qasm,2022,146937,71165,264,69401,4212,1895,14058
instructions_T30_idx052_x0_14_x1_3_x5_1.qasm,1088,80595,38979,132,38001,2416,1067,10363
instructions_T30_idx053_x0_14_x1_2_x2_3.qasm,724,63552,30890,66,30216,1724,656,10695
instructions_T30_idx054_x0_14_x1_2_x2_1_x4_1.qasm,2446,169713,82084,330,79967,5024,2308,13301
instructions_T30_idx055_x0_14_x1_2_x3_2.qasm,826,66516,32238,88,31482,1916,792,9578
instructions_T30_idx056_x0_14_x1_2_x6_1.qasm,1220,86428,41742,154,40660,2668,1204,9211
instructions_T30_idx057_x0_14_x1_1_x2_2_x3_1.qasm,2026,146993,71189,264,69425,4220,1895,11014
instructions_T30_idx058_x0_14_x1_1_x2_1_x5_1.qasm,2882,192651,93063,396,90611,5860,2721,12548
instructions_T30_idx059_x0_14_x1_1_x3_1_x4_1.qasm,3206,214952,103873,440,101158,6484,2997,14904
instructions_T30_idx060_x0_14_x1_1_x7_1.qasm,1356,92313,44525,176,43343,2928,1341,8061
instructions_T30_idx061_x0_14_x2_4.qasm,459,40416,19577,33,19147,1212,447,8359
instructions_T30_idx062_x0_14_x2_2_x4_1.qasm,1295,93145,45021,165,43874,2812,1273,9231
instructions_T30_idx063_x0_14_x2_1_x3_2.qasm,1123,85983,41651,132,40646,2486,1068,10003
instructions_T30_idx064_x0_14_x2_1_x6_1.qasm,1724,115988,55964,231,54473,3634,1686,10655
instructions_T30_idx065_x0_14_x3_1_x5_1.qasm,1953,131290,63368,264,61691,4074,1893,13314
instructions_T30_idx066_x0_14_x4_2.qasm,561,43382,20926,55,20414,1404,583,6102
instructions_T30_idx067_x0_14_x8_1.qasm,834,57613,27733,99,26997,1926,858,6042
instructions_T30_idx068_x0_12_x1_9.qasm,440,46527,22739,22,22305,1124,337,15547
instructions_T30_idx069_x0_12_x1_7_x2_1.qasm,700,63033,30697,66,30039,1620,611,15112
instructions_T30_idx070_x0_12_x1_6_x3_1.qasm,820,68693,33384,88,32625,1848,748,13958
instructions_T30_idx071_x0_12_x1_5_x2_2.qasm,704,63089,30721,66,30063,1628,611,13548
instructions_T30_idx072_x0_12_x1_5_x4_1.qasm,944,74412,36097,110,35236,2084,885,12805
instructions_T30_idx073_x0_12_x1_4_x2_1_x3_1.qasm,2006,146530,71020,264,69272,4124,1850,15347
instructions_T30_idx074_x0_12_x1_4_x5_1.qasm,1072,80188,38834,132,37872,2328,1022,11652
instructions_T30_idx075_x0_12_x1_3_x2_3.qasm,708,63145,30745,66,30087,1636,611,11984
instructions_T30_idx076_x0_12_x1_3_x2_1_x4_1.qasm,2430,169306,81939,330,79838,4936,2263,14590
instructions_T30_idx077_x0_12_x1_3_x3_2.qasm,810,66109,32093,88,31353,1828,747,10867
instructions_T30_idx078_x0_12_x1_3_x6_1.qasm,1204,86021,41597,154,40531,2580,1159,10500
instructions_T30_idx079_x0_12_x1_2_x2_2_x3_1.qasm,2010,146586,71044,264,69296,4132,1850,12303
instructions_T30_idx080_x0_12_x1_2_x2_1_x5_1.qasm,2866,192244,92918,396,90482,5772,2676,13837
instructions_T30_idx081_x0_12_x1_2_x3_1_x4_1.qasm,3190,214545,103728,440,101029,6396,2952,16193
instructions_T30_idx082_x0_12_x1_2_x7_1.qasm,1340,91906,44380,176,43214,2840,1296,9350
instructions_T30_idx083_x0_12_x1_1_x2_4.qasm,712,63200,30769,66,30110,1644,611,10420
instructions_T30_idx084_x0_12_x1_1_x2_2_x4_1.qasm,2434,169363,81963,330,79863,4944,2263,11546
instructions_T30_idx085_x0_12_x1_1_x2_1_x3_2.qasm,2082,154923,75169,264,73361,4276,1853,12276
instructions_T30_idx086_x0_12_x1_1_x2_1_x6_1.qasm,3314,215351,103975,462,101193,6632,3089,13086
instructions_T30_idx087_x0_12_x1_1_x3_1_x5_1.qasm,3786,246156,118873,528,115712,7540,3503,15820
instructions_T30_idx088_x0_12_x1_1_x4_2.qasm,920,69190,33491,110,32670,2036,883,8187
instructions_T30_idx089_x0_12_x1_1_x8_1.qasm,1480,97847,47189,198,45919,3108,1433,8201
instructions_T30_idx090_x0_12_x2_3_x3_1.qasm,1066,80117,38798,132,37850,2316,1021,9108
instructions_T30_idx091_x0_12_x2_2_x5_1.qasm,1483,102795,49672,198,48377,3114,1434,9703
instructions_T30_idx092_x0_12_x2_1_x3_1_x4_1.qasm,4755,310543,150042,660,146104,9406,4331,24275
instructions_T30_idx093_x0_12_x2_1_x7_1.qasm,1924,125801,60684,264,59046,3960,1847,11133
instructions_T30_idx094_x0_12_x3_3.qasm,478,38826,18780,44,18345,1188,469,6991
instructions_T30_idx095_x0_12_x3_1_x6_1.qasm,2227,145352,70132,308,68247,4542,2123,14150
instructions_T30_idx096_x0_12_x4_1_x5_1.qasm,2389,156507,75538,330,73524,4854,2261,16460
instructions_T30_idx097_x0_12_x9_1.qasm,880,58845,28329,110,27569,1956,881,6162
instructions_T30_idx098_x0_10_x1_10.qasm,424,46120,22594,22,22176,1036,292,16836
instructions_T30_idx099_x0_10_x1_8_x2_1.qasm,684,62626,30552,66,29910,1532,566,16401
instructions_T30_idx100_x0_10_x1_7_x3_1.qasm,804,68286,33239,88,32496,1760,703,15247
instructions_T30_idx101_x0_10_x1_6_x2_2.qasm,688,62682,30576,66,29934,1540,566,14837
instructions_T30_idx102_x0_10_x1_6_x4_1.qasm,928,74005,35952,110,35107,1996,840,14094
instructions_T30_idx103_x0_10_x1_5_x2_1_x3_1.qasm,1990,146123,70875,264,69143,4036,1805,16636
instructions_T30_idx104_x0_10_x1_5_x5_1.qasm,1056,79781,38689,132,37743,2240,977,12941
instructions_T30_idx105_x0_10_x1_4_x2_3.qasm,692,62738,30600,66,29958,1548,566,13273
instructions_T30_idx106_x0_10_x1_4_x2_1_x4_1.qasm,2414,168899,81794,330,79709,4848,2218,15879
instructions_T30_idx107_x0_10_x1_4_x3_2.qasm,794,65702,31948,88,31224,1740,702,12156
instructions_T30_idx108_x0_10_x1_4_x6_1.qasm,1188,85614,41452,154,40402,2492,1114,11789
instructions_T30_idx109_x0_10_x1_3_x2_2_x3_1.qasm,1994,146179,70899,264,69167,4044,1805,13592
instructions_T30_idx110_x0_10_x1_3_x2_1_x5_1.qasm,2850,191837,92773,396,90353,5684,2631,15126
instructions_T30_idx111_x0_10_x1_3_x3_1_x4_1.qasm,3174,214138,103583,440,100900,6308,2907,17482
instructions_T30_idx112_x0_10_x1_3_x7_1.qasm,1324,91499,44235,176,43085,2752,1251,10639
instructions_T30_idx113_x0_10_x1_2_x2_4.qasm,696,62793,30624,66,29981,1556,566,11709
instructions_T30_idx114_x0_10_x1_2_x2_2_x4_1.qasm,2418,168956,81818,330,79734,4856,2218,12835
instructions_T30_idx115_x0_10_x1_2_x2_1_x3_2.qasm,2066,154516,75024,264,73232,4188,1808,13565
instructions_T30_idx116_x0_10_x1_2_x2_1_x6_1.qasm,3298,214944,103830,462,101064,6544,3044,14375
instructions_T30_idx117_x0_10_x1_2_x3_1_x5_1.qasm,3770,245749,118728,528,115583,7452,3458,17109
instructions_T30_idx118_x0_10_x1_2_x4_2.qasm,904,68783,33346,110,32541,1948,838,9476
instructions_T30_idx119_x0_10_x1_2_x8_1.qasm,1464,97440,47044,198,45790,3020,1388,9490
instructions_T30_idx120_x0_10_x1_1_x2_3_x3_1.qasm,1998,146235,70923,264,69191,4052,1805,11370
instructions_T30_idx121_x0_10_x1_1_x2_2_x5_1.qasm,2854,191893,92797,396,90377,5692,2631,12082
instructions_T30_idx122_x0_10_x1_1_x2_1_x3_1_x4_1.qasm,9588,610055,294683,1320,286971,18656,8425,27616
instructions_T30_idx123_x0_10_x1_1_x2_1_x7_1.qasm,3758,238219,114959,528,111847,7428,3457,13624
instructions_T30_idx124_x0_10_x1_1_x3_3.qasm,784,63120,30657,88,29954,1720,701,9065
instructions_T30_idx125_x0_10_x1_1_x3_1_x6_1.qasm,4382,277578,133969,616,130356,8628,4009,16736
instructions_T30_idx126_x0_10_x1_1_x4_1_x5_1.qasm,4716,300021,144835,660,140969,9272,4285,19101
instructions_T30_idx127_x0_10_x1_1_x9_1.qasm,1608,103441,49877,220,48523,3296,1525,8341
instructions_T30_idx128_x0_10_x2_5.qasm,412,36949,17966,33,17588,1006,356,9363
instructions_T30_idx129_x0_10_x2_3_x4_1.qasm,1248,89678,43410,165,42315,2606,1182,9224
instructions_T30_idx130_x0_10_x2_2_x3_2.qasm,1076,82516,40040,132,39087,2280,977,9527
instructions_T30_idx131_x0_10_x2_2_x6_1.qasm,1677,112521,54353,231,52914,3428,1595,10179
instructions_T30_idx132_x0_10_x2_1_x3_1_x5_1.qasm,5657,359110,173374,792,168749,11082,5113,26185
instructions_T30_idx133_x0_10_x2_1_x4_2.qasm,1276,92513,44809,165,43694,2662,1183,10235
instructions_T30_idx134_x0_10_x2_1_x8_1.qasm,2130,135695,65440,297,63652,4298,2008,11611
instructions_T30_idx135_x0_10_x3_2_x4_1.qasm,1609,110814,53579,220,52191,3298,1526,11767
instructions_T30_idx136_x0_10_x3_1_x7_1.qasm,2509,159526,76944,352,74851,5026,2353,14986
instructions_T30_idx137_x0_10_x4_1_x6_1.qasm,2745,174930,84394,385,82111,5480,2560,17654
instructions_T30_idx138_x0_10_x5_2.qasm,568,41442,20008,66,19508,1300,560,5980
instructions_T30_idx139_x0_10_x10_1.qasm,928,60104,28937,121,28152,1990,904,6282
instructions_T30_idx140_x0_8_x1_11.qasm,408,45713,22449,22,22047,948,247,18125
instructions_T30_idx141_x0_8_x1_9_x2_1.qasm,668,62219,30407,66,29781,1444,521,17690
instructions_T30_idx142_x0_8_x1_8_x3_1.qasm,788,67879,33094,88,32367,1672,658,16536
instructions_T30_idx143_x0_8_x1_7_x2_2.qasm,672,62275,30431,66,29805,1452,521,16126
instructions_T30_idx144_x0_8_x1_7_x4_1.qasm,912,73598,35807,110,34978,1908,795,15383
instructions_T30_idx145_x0_8_x1_6_x2_1_x3_1.qasm,1974,145716,70730,264,69014,3948,1760,17925
instructions_T30_idx146_x0_8_x1_6_x5_1.qasm,1040,79374,38544,132,37614,2152,932,14230
instructions_T30_idx147_x0_8_x1_5_x2_3.qasm,676,62331,30455,66,29829,1460,521,14562
instructions_T30_idx148_x0_8_x1_5_x2_1_x4_1.qasm,2398,168492,81649,330,79580,4760,2173,17168
instructions_T30_idx149_x0_8_x1_5_x3_2.qasm,778,65295,31803,88,31095,1652,657,13445
instructions_T30_idx150_x0_8_x1_5_x6_1.qasm,1172,85207,41307,154,40273,2404,1069,13078
instructions_T30_idx151_x0_8_x1_4_x2_2_x3_1.qasm,1978,145772,70754,264,69038,3956,1760,14881
instructions_T30_idx152_x0_8_x1_4_x2_1_x5_1.qasm,2834,191430,92628,396,90224,5596,2586,16415
instructions_T30_idx153_x0_8_x1_4_x3_1_x4_1.qasm,3158,213731,103438,440,100771,6220,2862,18771
instructions_T30_idx154_x0_8_x1_4_x7_1.qasm,1308,91092,44090,176,42956,2664,1206,11928
instructions_T30_idx155_x0_8_x1_3_x2_4.qasm,680,62386,30479,66,29852,1468,521,12998
instructions_T30_idx156_x0_8_x1_3_x2_2_x4_1.qasm,2402,168549,81673,330,79605,4768,2173,14124
instructions_T30_idx157_x0_8_x1_3_x2_1_x3_2.qasm,2050,154109,74879,264,73103,4100,1763,14854
instructions_T30_idx158_x0_8_x1_3_x2_1_x6_1.qasm,3282,214537,103685,462,100935,6456,2999,15664
instructions_T30_idx159_x0_8_x1_3_x3_1_x5_1.qasm,3754,245342,118583,528,115454,7364,3413,18398
instructions_T30_idx160_x0_8_x1_3_x4_2.qasm,888,68376,33201,110,32412,1860,793,10765
instructions_T30_idx161_x0_8_x1_3_x8_1.qasm,1448,97033,46899,198,45661,2932,1343,10779
instructions_T30_idx162_x0_8_x1_2_x2_3_x3_1.qasm,1982,145828,70778,264,69062,3964,1760,12659
instructions_T30_idx163_x0_8_x1_2_x2_2_x5_1.qasm,2838,191486,92652,396,90248,5604,2586,13371
instructions_T30_idx164_x0_8_x1_2_x2_1_x3_1_x4_1.qasm,9572,609648,294538,1320,286842,18568,8380,28905
instructions_T30_idx165_x0_8_x1_2_x2_1_x7_1.qasm,3742,237812,114814,528,111718,7340,3412,14913
instructions_T30_idx166_x0_8_x1_2_x3_3.qasm,768,62713,30512,88,29825,1632,656,10354
instructions_T30_idx167_x0_8_x1_2_x3_1_x6_1.qasm,4366,277171,133824,616,130227,8540,3964,18025
instructions_T30_idx168_x0_8_x1_2_x4_1_x5_1.qasm,4700,299614,144690,660,140840,9184,4240,20390
instructions_T30_idx169_x0_8_x1_2_x9_1.qasm,1592,103034,49732,220,48394,3208,1480,9630
instructions_T30_idx170_x0_8_x1_1_x2_5.qasm,684,62443,30503,66,29877,1476,521,11434
instructions_T30_idx171_x0_8_x1_1_x2_3_x4_1.qasm,2406,168605,81697,330,79629,4776,2173,11547
instructions_T30_idx172_x0_8_x1_1_x2_2_x3_2.qasm,2054,154165,74903,264,73127,4108,1763,11810
instructions_T30_idx173_x0_8_x1_1_x2_2_x6_1.qasm,3286,214593,103709,462,100959,6464,2999,12620
instructions_T30_idx174_x0_8_x1_1_x2_1_x3_1_x5_1.qasm,11472,710959,343131,1584,333985,22224,10035,29772
instructions_T30_idx175_x0_8_x1_1_x2_1_x4_2.qasm,2464,174303,84507,330,82399,4892,2175,12570
instructions_T30_idx176_x0_8_x1_1_x2_1_x8_1.qasm,4214,261254,126021,594,122566,8248,3825,14164
instructions_T30_idx177_x0_8_x1_1_x3_2_x4_1.qasm,3148,211148,102147,440,99500,6200,2861,14200
instructions_T30_idx178_x0_8_x1_1_x3_1_x7_1.qasm,4994,309232,149169,704,145096,9748,4515,17655
instructions_T30_idx179_x0_8_x1_1_x4_1_x6_1.qasm,5480,340232,164149,770,159700,10684,4929,20399
instructions_T30_idx180_x0_8_x1_1_x5_2.qasm,1002,71513,34623,132,33753,2076,929,8085
instructions_T30_idx181_x0_8_x1_1_x10_1.qasm,1740,109090,52591,242,51148,3492,1617,8482
instructions_T30_idx182_x0_8_x2_4_x3_1.qasm,1019,76650,37187,132,36291,2110,930,10112
instructions_T30_idx183_x0_8_x2_3_x5_1.qasm,1436,99328,48061,198,46818,2908,1343,9341
instructions_T30_idx184_x0_8_x2_2_x3_1_x4_1.qasm,4708,307076,148431,660,144545,9200,4240,23799
instructions_T30_idx185_x0_8_x2_2_x7_1.qasm,1877,122334,59073,264,57487,3754,1756,10657
instructions_T30_idx186_x0_8_x2_1_x3_3.qasm,1086,84917,41282,132,40326,2244,933,10769
instructions_T30_idx187_x0_8_x2_1_x3_1_x6_1.qasm,6583,408016,196862,924,191529,12806,5895,28101
instructions_T30_idx188_x0_8_x2_1_x4_1_x5_1.qasm,7094,441824,213224,990,207509,13792,6309,32733
instructions_T30_idx189_x0_8_x2_1_x9_1.qasm,2342,145682,70235,330,68300,4648,2169,12091
instructions_T30_idx190_x0_8_x3_2_x5_1.qasm,1875,124763,60291,264,58702,3750,1756,12600
instructions_T30_idx191_x0_8_x3_1_x4_2.qasm,1644,116007,56202,220,54790,3312,1483,13009
instructions_T30_idx192_x0_8_x3_1_x8_1.qasm,2799,173811,83808,396,81498,5526,2583,15825
instructions_T30_idx193_x0_8_x4_1_x7_1.qasm,3111,193498,93315,440,90758,6126,2859,18852
instructions_T30_idx194_x0_8_x5_1_x6_1.qasm,3278,204721,98749,462,96065,6448,2997,21172
instructions_T30_idx195_x0_8_x11_1.qasm,978,61391,29558,132,28746,2028,927,6403
instructions_T30_idx196_x0_6_x1_12.qasm,392,45306,22304,22,21918,860,202,19414
instructions_T30_idx197_x0_6_x1_10_x2_1.qasm,652,61812,30262,66,29652,1356,476,18979
instructions_T30_idx198_x0_6_x1_9_x3_1.qasm,772,67472,32949,88,32238,1584,613,17825
instructions_T30_idx199_x0_6_x1_8_x2_2.qasm,656,61868,30286,66,29676,1364,476,17415
instructions_T30_idx200_x0_6_x1_8_x4_1.qasm,896,73191,35662,110,34849,1820,750,16672
instructions_T30_idx201_x0_6_x1_7_x2_1_x3_1.qasm,1958,145309,70585,264,68885,3860,1715,19214
instructions_T30_idx202_x0_6_x1_7_x5_1.qasm,1024,78967,38399,132,37485,2064,887,15519
instructions_T30_idx203_x0_6_x1_6_x2_3.qasm,660,61924,30310,66,29700,1372,476,15851
instructions_T30_idx204_x0_6_x1_6_x2_1_x4_1.qasm,2382,168085,81504,330,79451,4672,2128,18457
instructions_T30_idx205_x0_6_x1_6_x3_2.qasm,762,64888,31658,88,30966,1564,612,14734
instructions_T30_idx206_x0_6_x1_6_x6_1.qasm,1156,84800,41162,154,40144,2316,1024,14367
instructions_T30_idx207_x0_6_x1_5_x2_2_x3_1.qasm,1962,145365,70609,264,68909,3868,1715,16170
instructions_T30_idx208_x0_6_x1_5_x2_1_x5_1.qasm,2818,191023,92483,396,90095,5508,2541,17704
instructions_T30_idx209_x0_6_x1_5_x3_1_x4_1.qasm,3142,213324,103293,440,100642,6132,2817,20060
instructions_T30_idx210_x0_6_x1_5_x7_1.qasm,1292,90685,43945,176,42827,2576,1161,13217
instructions_T30_idx211_x0_6_x1_4_x2_4.qasm,664,61979,30334,66,29723,1380,476,14287
instructions_T30_idx212_x0_6_x1_4_x2_2_x4_1.qasm,2386,168142,81528,330,79476,4680,2128,15413
instructions_T30_idx213_x0_6_x1_4_x2_1_x3_2.qasm,2034,153702,74734,264,72974,4012,1718,16143
instructions_T30_idx214_x0_6_x1_4_x2_1_x6_1.qasm,3266,214130,103540,462,100806,6368,2954,16953
instructions_T30_idx215_x0_6_x1_4_x3_1_x5_1.qasm,3738,244935,118438,528,115325,7276,3368,19687
instructions_T30_idx216_x0_6_x1_4_x4_2.qasm,872,67969,33056,110,32283,1772,748,12054
instructions_T30_idx217_x0_6_x1_4_x8_1.qasm,1432,96626,46754,198,45532,2844,1298,12068
instructions_T30_idx218_x0_6_x1_3_x2_3_x3_1.qasm,1966,145421,70633,264,68933,3876,1715,13948
instructions_T30_idx219_x0_6_x1_3_x2_2_x5_1.qasm,2822,191079,92507,396,90119,5516,2541,14660
instructions_T30_idx220_x0_6_x1_3_x2_1_x3_1_x4_1.qasm,9556,609241,294393,1320,286713,18480,8335,30194
instructions_T30_idx221_x0_6_x1_3_x2_1_x7_1.qasm,3726,237405,114669,528,111589,7252,3367,16202
instructions_T30_idx222_x0_6_x1_3_x3_3.qasm,752,62306,30367,88,29696,1544,611,11643
instructions_T30_idx223_x0_6_x1_3_x3_1_x6_1.qasm,4350,276764,133679,616,130098,8452,3919,19314
instructions_T30_idx224_x0_6_x1_3_x4_1_x5_1.qasm,4684,299207,144545,660,140711,9096,4195,21679
instructions_T30_idx225_x0_6_x1_3_x9_1.qasm,1576,102627,49587,220,48265,3120,1435,10919
instructions_T30_idx226_x0_6_x1_2_x2_5.qasm,668,62036,30358,66,29748,1388,476,12723
instructions_T30_idx227_x0_6_x1_2_x2_3_x4_1.qasm,2390,168198,81552,330,79500,4688,2128,12836
instructions_T30_idx228_x0_6_x1_2_x2_2_x3_2.qasm,2038,153758,74758,264,72998,4020,1718,13099
instructions_T30_idx229_x0_6_x1_2_x2_2_x6_1.qasm,3270,214186,103564,462,100830,6376,2954,13909
instructions_T30_idx230_x0_6_x1_2_x2_1_x3_1_x5_1.qasm,11456,710552,342986,1584,333856,22136,9990,31061
instructions_T30_idx231_x0_6_x1_2_x2_1_x4_2.qasm,2448,173896,84362,330,82270,4804,2130,13859
instructions_T30_idx232_x0_6_x1_2_x2_1_x8_1.qasm,4198,260847,125876,594,122437,8160,3780,15453
instructions_T30_idx233_x0_6_x1_2_x3_2_x4_1.qasm,3132,210741,102002,440,99371,6112,2816,15489
instructions_T30_idx234_x0_6_x1_2_x3_1_x7_1.qasm,4978,308825,149024,704,144967,9660,4470,18944
instructions_T30_idx235_x0_6_x1_2_x4_1_x6_1.qasm,5464,339825,164004,770,159571,10596,4884,21688
instructions_T30_idx236_x0_6_x1_2_x5_2.qasm,986,71106,34478,132,33624,1988,884,9374
instructions_T30_idx237_x0_6_x1_2_x10_1.qasm,1724,108683,52446,242,51019,3404,1572,9771
instructions_T30_idx238_x0_6_x1_1_x2_4_x3_1.qasm,1970,145477,70657,264,68957,3884,1715,12384
instructions_T30_idx239_x0_6_x1_1_x2_3_x5_1.qasm,2826,191134,92531,396,90142,5524,2541,11726
instructions_T30_idx240_x0_6_x1_1_x2_2_x3_1_x4_1.qasm,9560,609297,294417,1320,286737,18488,8335,27150
instructions_T30_idx241_x0_6_x1_1_x2_2_x7_1.qasm,3730,237461,114693,528,111613,7260,3367,13158
instructions_T30_idx242_x0_6_x1_1_x2_1_x3_3.qasm,2110,162094,78883,264,77062,4164,1721,13072
instructions_T30_idx243_x0_6_x1_1_x2_1_x3_1_x6_1.qasm,13404,812493,391843,1848,381269,25888,11645,31922
instructions_T30_idx244_x0_6_x1_1_x2_1_x4_1_x5_1.qasm,14456,880507,424723,1980,413411,27920,12473,36696
instructions_T30_idx245_x0_6_x1_1_x2_1_x9_1.qasm,4682,284465,137149,660,133371,9092,4193,14702
instructions_T30_idx246_x0_6_x1_1_x3_2_x5_1.qasm,3728,242352,117147,528,114054,7256,3367,15116
instructions_T30_idx247_x0_6_x1_1_x3_1_x4_2.qasm,3256,224692,108901,440,106170,6360,2821,15472
instructions_T30_idx248_x0_6_x1_1_x3_1_x8_1.qasm,5622,341094,164457,792,159924,10900,5021,18571
instructions_T30_idx249_x0_6_x1_1_x4_1_x7_1.qasm,6264,380712,183573,880,178550,12136,5573,21693
instructions_T30_idx250_x0_6_x1_1_x5_1_x6_1.qasm,6608,403299,194501,924,189225,12800,5849,24062
instructions_T30_idx251_x0_6_x1_1_x11_1.qasm,1876,114793,55327,264,53797,3696,1709,8622
instructions_T30_idx252_x0_6_x2_6.qasm,365,33481,16355,33,16028,800,265,10367
instructions_T30_idx253_x0_6_x2_4_x4_1.qasm,1201,86210,41799,165,40755,2400,1091,10228
instructions_T30_idx254_x0_6_x2_3_x3_2.qasm,1029,79049,38429,132,37528,2074,886,9874
instructions_T30_idx255_x0_6_x2_3_x6_1.qasm,1630,109054,52742,231,51355,3222,1504,9703
instructions_T30_idx256_x0_6_x2_2_x3_1_x5_1.qasm,5610,355643,171763,792,167190,10876,5022,25709
instructions_T30_idx257_x0_6_x2_2_x4_2.qasm,1229,89045,43198,165,42134,2456,1092,9759
instructions_T30_idx258_x0_6_x2_2_x8_1.qasm,2083,132228,63829,297,62093,4092,1917,11135
instructions_T30_idx259_x0_6_x2_1_x3_2_x4_1.qasm,4718,309476,149673,660,145783,9164,4196,23561
instructions_T30_idx260_x0_6_x2_1_x3_1_x7_1.qasm,7533,457246,220482,1056,214453,14578,6677,30011
instructions_T30_idx261_x0_6_x2_1_x4_1_x6_1.qasm,8276,503942,243036,1155,236443,16010,7298,35359
instructions_T30_idx262_x0_6_x2_1_x5_2.qasm,1435,99131,48006,198,46779,2850,1298,10469
instructions_T30_idx263_x0_6_x2_1_x10_1.qasm,2560,155745,75063,363,72979,5010,2330,12569
instructions_T30_idx264_x0_6_x3_4.qasm,400,32298,15703,44,15355,864,332,7757
instructions_T30_idx265_x0_6_x3_2_x6_1.qasm,2149,138825,67055,308,65258,4218,1986,13436
instructions_T30_idx266_x0_6_x3_1_x4_1_x5_1.qasm,9538,584524,281982,1320,274445,18444,8333,47627
instructions_T30_idx267_x0_6_x3_1_x9_1.qasm,3097,188214,90716,440,88203,6042,2813,16661
instructions_T30_idx268_x0_6_x4_3.qasm,452,33796,16383,55,15996,962,400,6630
instructions_T30_idx269_x0_6_x4_1_x8_1.qasm,3487,212196,102291,495,99460,6792,3158,20046
instructions_T30_idx270_x0_6_x5_1_x7_1.qasm,3730,227701,109781,528,106767,7260,3365,22724
instructions_T30_idx271_x0_6_x6_2.qasm,577,39529,19102,77,18613,1200,537,5858
instructions_T30_idx272_x0_6_x12_1.qasm,1030,62707,30190,143,29354,2070,950,6523
instructions_T30_idx273_x0_4_x1_13.qasm,376,44899,22159,22,21789,772,157,20703
instructions_T30_idx274_x0_4_x1_11_x2_1.qasm,636,61405,30117,66,29523,1268,431,20268
instructions_T30_idx275_x0_4_x1_10_x3_1.qasm,756,67065,32804,88,32109,1496,568,19114
instructions_T30_idx276_x0_4_x1_9_x2_2.qasm,640,61461,30141,66,29547,1276,431,18704
instructions_T30_idx277_x0_4_x1_9_x4_1.qasm,880,72784,35517,110,34720,1732,705,17961
instructions_T30_idx278_x0_4_x1_8_x2_1_x3_1.qasm,1942,144902,70440,264,68756,3772,1670,20503
instructions_T30_idx279_x0_4_x1_8_x5_1.qasm,1008,78560,38254,132,37356,1976,842,16808
instructions_T30_idx280_x0_4_x1_7_x2_3.qasm,644,61517,30165,66,29571,1284,431,17140
instructions_T30_idx281_x0_4_x1_7_x2_1_x4_1.qasm,2366,167678,81359,330,79322,4584,2083,19746
instructions_T30_idx282_x0_4_x1_7_x3_2.qasm,746,64481,31513,88,30837,1476,567,16023
instructions_T30_idx283_x0_4_x1_7_x6_1.qasm,1140,84393,41017,154,40015,2228,979,15656
instructions_T30_idx284_x0_4_x1_6_x2_2_x3_1.qasm,1946,144958,70464,264,68780,3780,1670,17459
instructions_T30_idx285_x0_4_x1_6_x2_1_x5_1.qasm,2802,190616,92338,396,89966,5420,2496,18993
instructions_T30_idx286_x0_4_x1_6_x3_1_x4_1.qasm,3126,212917,103148,440,100513,6044,2772,21349
instructions_T30_idx287_x0_4_x1_6_x7_1.qasm,1276,90278,43800,176,42698,2488,1116,14506
instructions_T30_idx288_x0_4_x1_5_x2_4.qasm,648,61572,30189,66,29594,1292,431,15576
instructions_T30_idx289_x0_4_x1_5_x2_2_x4_1.qasm,2370,167735,81383,330,79347,4592,2083,16702
instructions_T30_idx290_x0_4_x1_5_x2_1_x3_2.qasm,2018,153295,74589,264,72845,3924,1673,17432
instructions_T30_idx291_x0_4_x1_5_x2_1_x6_1.qasm,3250,213723,103395,462,100677,6280,2909,18242
instructions_T30_idx292_x0_4_x1_5_x3_1_x5_1.qasm,3722,244528,118293,528,115196,7188,3323,20976
instructions_T30_idx293_x0_4_x1_5_x4_2.qasm,856,67562,32911,110,32154,1684,703,13343
instructions_T30_idx294_x0_4_x1_5_x8_1.qasm,1416,96219,46609,198,45403,2756,1253,13357
instructions_T30_idx295_x0_4_x1_4_x2_3_x3_1.qasm,1950,145014,70488,264,68804,3788,1670,15237
instructions_T30_idx296_x0_4_x1_4_x2_2_x5_1.qasm,2806,190672,92362,396,89990,5428,2496,15949
instructions_T30_idx297_x0_4_x1_4_x2_1_x3_1_x4_1.qasm,9540,608834,294248,1320,286584,18392,8290,31483
instructions_T30_idx298_x0_4_x1_4_x2_1_x7_1.qasm,3710,236998,114524,528,111460,7164,3322,17491
instructions_T30_idx299_x0_4_x1_4_x3_3.qasm,736,61899,30222,88,29567,1456,566,12932
instructions_T30_idx300_x0_4_x1_4_x3_1_x6_1.qasm,4334,276357,133534,616,129969,8364,3874,20603
instructions_T30_idx301_x0_4_x1_4_x4_1_x5_1.qasm,4668,298800,144400,660,140582,9008,4150,22968
instructions_T30_idx302_x0_4_x1_4_x9_1.qasm,1560,102220,49442,220,48136,3032,1390,12208
instructions_T30_idx303_x0_4_x1_3_x2_5.qasm,652,61629,30213,66,29619,1300,431,14012
instructions_T30_idx304_x0_4_x1_3_x2_3_x4_1.qasm,2374,167791,81407,330,79371,4600,2083,14125
instructions_T30_idx305_x0_4_x1_3_x2_2_x3_2.qasm,2022,153351,74613,264,72869,3932,1673,14388
instructions_T30_idx306_x0_4_x1_3_x2_2_x6_1.qasm,3254,213779,103419,462,100701,6288,2909,15198
instructions_T30_idx307_x0_4_x1_3_x2_1_x3_1_x5_1.qasm,11440,710145,342841,1584,333727,22048,9945,32350
instructions_T30_idx308_x0_4_x1_3_x2_1_x4_2.qasm,2432,173489,84217,330,82141,4716,2085,15148
instructions_T30_idx309_x0_4_x1_3_x2_1_x8_1.qasm,4182,260440,125731,594,122308,8072,3735,16742
instructions_T30_idx310_x0_4_x1_3_x3_2_x4_1.qasm,3116,210334,101857,440,99242,6024,2771,16778
instructions_T30_idx311_x0_4_x1_3_x3_1_x7_1.qasm,4962,308418,148879,704,144838,9572,4425,20233
instructions_T30_idx312_x0_4_x1_3_x4_1_x6_1.qasm,5448,339418,163859,770,159442,10508,4839,22977
instructions_T30_idx313_x0_4_x1_3_x5_2.qasm,970,70699,34333,132,33495,1900,839,10663
instructions_T30_idx314_x0_4_x1_3_x10_1.qasm,1708,108276,52301,242,50890,3316,1527,11060
instructions_T30_idx315_x0_4_x1_2_x2_4_x3_1.qasm,1954,145070,70512,264,68828,3796,1670,13673
instructions_T30_idx316_x0_4_x1_2_x2_3_x5_1.qasm,2810,190727,92386,396,90013,5436,2496,13015
instructions_T30_idx317_x0_4_x1_2_x2_2_x3_1_x4_1.qasm,9544,608890,294272,1320,286608,18400,8290,28439
instructions_T30_idx318_x0_4_x1_2_x2_2_x7_1.qasm,3714,237054,114548,528,111484,7172,3322,14447
instructions_T30_idx319_x0_4_x1_2_x2_1_x3_3.qasm,2094,161687,78738,264,76933,4076,1676,14361
instructions_T30_idx320_x0_4_x1_2_x2_1_x3_1_x6_1.qasm,13388,812086,391698,1848,381140,25800,11600,33211
instructions_T30_idx321_x0_4_x1_2_x2_1_x4_1_x5_1.qasm,14440,880100,424578,1980,413282,27832,12428,37985
instructions_T30_idx322_x0_4_x1_2_x2_1_x9_1.qasm,4666,284058,137004,660,133242,9004,4148,15991
instructions_T30_idx323_x0_4_x1_2_x3_2_x5_1.qasm,3712,241945,117002,528,113925,7168,3322,16405
instructions_T30_idx324_x0_4_x1_2_x3_1_x4_2.qasm,3240,224285,108756,440,106041,6272,2776,16761
instructions_T30_idx325_x0_4_x1_2_x3_1_x8_1.qasm,5606,340687,164312,792,159795,10812,4976,19860
instructions_T30_idx326_x0_4_x1_2_x4_1_x7_1.qasm,6248,380305,183428,880,178421,12048,5528,22982
instructions_T30_idx327_x0_4_x1_2_x5_1_x6_1.qasm,6592,402892,194356,924,189096,12712,5804,25351
instructions_T30_idx328_x0_4_x1_2_x11_1.qasm,1860,114386,55182,264,53668,3608,1664,9911
instructions_T30_idx329_x0_4_x1_1_x2_6.qasm,656,61685,30237,66,29643,1308,431,12448
instructions_T30_idx330_x0_4_x1_1_x2_4_x4_1.qasm,2378,167847,81431,330,79395,4608,2083,12561
instructions_T30_idx331_x0_4_x1_1_x2_3_x3_2.qasm,2026,153407,74637,264,72893,3940,1673,12166
instructions_T30_idx332_x0_4_x1_1_x2_3_x6_1.qasm,3258,213835,103443,462,100725,6296,2909,12154
instructions_T30_idx333_x0_4_x1_1_x2_2_x3_1_x5_1.qasm,11444,710201,342865,1584,333751,22056,9945,29306
instructions_T30_idx334_x0_4_x1_1_x2_2_x4_2.qasm,2436,173545,84241,330,82165,4724,2085,12104
instructions_T30_idx335_x0_4_x1_1_x2_2_x8_1.qasm,4186,260497,125755,594,122333,8080,3735,13698
instructions_T30_idx336_x0_4_x1_1_x2_1_x3_2_x4_1.qasm,9616,617227,298397,1320,290673,18544,8293,26932
instructions_T30_idx337_x0_4_x1_1_x2_1_x3_1_x7_1.qasm,15384,914723,440867,2112,428841,29648,13255,34078
instructions_T30_idx338_x0_4_x1_1_x2_1_x4_1_x6_1.qasm,16912,1008685,486209,2310,473073,32596,14497,39630
instructions_T30_idx339_x0_4_x1_1_x2_1_x5_2.qasm,2858,193843,93905,396,91513,5532,2497,12868
instructions_T30_idx340_x0_4_x1_1_x2_1_x10_1.qasm,5162,307839,148355,726,144237,9960,4561,15242
instructions_T30_idx341_x0_4_x1_1_x3_4.qasm,726,59316,28931,88,28296,1436,565,9841
instructions_T30_idx342_x0_4_x1_1_x3_2_x6_1.qasm,4324,273774,132243,616,128698,8344,3873,16032
instructions_T30_idx343_x0_4_x1_1_x3_1_x4_1_x5_1.qasm,19508,1170930,564605,2640,549510,37608,16567,52262
instructions_T30_idx344_x0_4_x1_1_x3_1_x9_1.qasm,6266,373204,179849,880,174864,12084,5527,19490
instructions_T30_idx345_x0_4_x1_1_x4_3.qasm,832,62340,30305,110,29588,1636,701,8725
instructions_T30_idx346_x0_4_x1_1_x4_1_x8_1.qasm,7068,421472,203127,990,197510,13628,6217,22991
instructions_T30_idx347_x0_4_x1_1_x5_1_x7_1.qasm,7568,452681,218193,1056,212209,14592,6631,25739
instructions_T30_idx348_x0_4_x1_1_x6_2.qasm,1088,73893,35781,154,34859,2124,975,7984
instructions_T30_idx349_x0_4_x1_1_x12_1.qasm,2016,120557,58089,286,56473,3908,1801,8763
instructions_T30_idx350_x0_4_x2_5_x3_1.qasm,972,73183,35576,132,34732,1904,839,11116
instructions_T30_idx351_x0_4_x2_4_x5_1.qasm,1389,95861,46450,198,45259,2702,1252,10345
instructions_T30_idx352_x0_4_x2_3_x3_1_x4_1.qasm,4661,303609,146820,660,142986,8994,4149,23323
instructions_T30_idx353_x0_4_x2_3_x7_1.qasm,1830,118867,57462,264,55928,3548,1665,10181
instructions_T30_idx354_x0_4_x2_2_x3_3.qasm,1039,81450,39671,132,38767,2038,842,10293
instructions_T30_idx355_x0_4_x2_2_x3_1_x6_1.qasm,6536,404549,195251,924,189970,12600,5804,27625
instructions_T30_idx356_x0_4_x2_2_x4_1_x5_1.qasm,7047,438357,211613,990,205950,13586,6218,32257
instructions_T30_idx357_x0_4_x2_2_x9_1.qasm,2295,142215,68624,330,66741,4442,2078,11615
instructions_T30_idx358_x0_4_x2_1_x3_2_x5_1.qasm,5620,358043,173005,792,168428,10840,4978,25471
instructions_T30_idx359_x0_4_x2_1_x3_1_x4_2.qasm,4902,331413,160576,660,156542,9476,4159,24803
instructions_T30_idx360_x0_4_x2_1_x3_1_x8_1.qasm,8507,506812,244258,1188,237509,16398,7459,31927
instructions_T30_idx361_x0_4_x2_1_x4_1_x7_1.qasm,9488,566494,273043,1320,265556,18288,8287,37993
instructions_T30_idx362_x0_4_x2_1_x5_1_x6_1.qasm,10014,600503,289483,1386,281629,19304,8701,42621
instructions_T30_idx363_x0_4_x2_1_x11_1.qasm,2784,165896,79930,396,77695,5384,2491,13049
instructions_T30_idx364_x0_4_x3_3_x4_1.qasm,1531,104287,50502,220,49202,2974,1389,11053
instructions_T30_idx365_x0_4_x3_2_x7_1.qasm,2431,152999,73867,352,71862,4702,2216,14272
instructions_T30_idx366_x0_4_x3_1_x4_1_x6_1.qasm,11148,668719,322382,1540,313642,21488,9667,51697
instructions_T30_idx367_x0_4_x3_1_x5_2.qasm,1882,126938,61466,264,59889,3652,1667,13604
instructions_T30_idx368_x0_4_x3_1_x10_1.qasm,3403,202725,97676,484,94948,6574,3043,17500
instructions_T30_idx369_x0_4_x4_2_x5_1.qasm,2280,146920,70995,330,69105,4412,2078,15508
instructions_T30_idx370_x0_4_x4_1_x9_1.qasm,3873,231049,111332,550,108232,7478,3457,21244
instructions_T30_idx371_x0_4_x5_1_x8_1.qasm,4194,250849,120891,594,117535,8096,3733,24281
instructions_T30_idx372_x0_4_x6_1_x7_1.qasm,4366,262149,126356,616,122878,8428,3871,26604
instructions_T30_idx373_x0_4_x13_1.qasm,1084,64050,30835,154,29972,2116,973,6644
instructions_T30_idx374_x0_2_x1_14.qasm,360,44492,22014,22,21660,684,112,21992
instructions_T30_idx375_x0_2_x1_12_x2_1.qasm,620,60998,29972,66,29394,1180,386,21557
instructions_T30_idx376_x0_2_x1_11_x3_1.qasm,740,66658,32659,88,31980,1408,523,20403
instructions_T30_idx377_x0_2_x1_10_x2_2.qasm,624,61054,29996,66,29418,1188,386,19993
instructions_T30_idx378_x0_2_x1_10_x4_1.qasm,864,72377,35372,110,34591,1644,660,19250
instructions_T30_idx379_x0_2_x1_9_x2_1_x3_1.qasm,1926,144495,70295,264,68627,3684,1625,21792
instructions_T30_idx380_x0_2_x1_9_x5_1.qasm,992,78153,38109,132,37227,1888,797,18097
instructions_T30_idx381_x0_2_x1_8_x2_3.qasm,628,61110,30020,66,29442,1196,386,18429
instructions_T30_idx382_x0_2_x1_8_x2_1_x4_1.qasm,2350,167271,81214,330,79193,4496,2038,21035
instructions_T30_idx383_x0_2_x1_8_x3_2.qasm,730,64074,31368,88,30708,1388,522,17312
instructions_T30_idx384_x0_2_x1_8_x6_1.qasm,1124,83986,40872,154,39886,2140,934,16945
instructions_T30_idx385_x0_2_x1_7_x2_2_x3_1.qasm,1930,144551,70319,264,68651,3692,1625,18748
instructions_T30_idx386_x0_2_x1_7_x2_1_x5_1.qasm,2786,190209,92193,396,89837,5332,2451,20282
instructions_T30_idx387_x0_2_x1_7_x3_1_x4_1.qasm,3110,212510,103003,440,100384,5956,2727,22638
instructions_T30_idx388_x0_2_x1_7_x7_1.qasm,1260,89871,43655,176,42569,2400,1071,15795
instructions_T30_idx389_x0_2_x1_6_x2_4.qasm,632,61165,30044,66,29465,1204,386,16865
instructions_T30_idx390_x0_2_x1_6_x2_2_x4_1.qasm,2354,167328,81238,330,79218,4504,2038,17991
instructions_T30_idx391_x0_2_x1_6_x2_1_x3_2.qasm,2002,152888,74444,264,72716,3836,1628,18721
instructions_T30_idx392_x0_2_x1_6_x2_1_x6_1.qasm,3234,213316,103250,462,100548,6192,2864,19531
instructions_T30_idx393_x0_2_x1_6_x3_1_x5_1.qasm,3706,244121,118148,528,115067,7100,3278,22265
instructions_T30_idx394_x0_2_x1_6_x4_2.qasm,840,67155,32766,110,32025,1596,658,14632
instructions_T30_idx395_x0_2_x1_6_x8_1.qasm,1400,95812,46464,198,45274,2668,1208,14646
instructions_T30_idx396_x0_2_x1_5_x2_3_x3_1.qasm,1934,144607,70343,264,68675,3700,1625,16526
instructions_T30_idx397_x0_2_x1_5_x2_2_x5_1.qasm,2790,190265,92217,396,89861,5340,2451,17238
instructions_T30_idx398_x0_2_x1_5_x2_1_x3_1_x4_1.qasm,9524,608427,294103,1320,286455,18304,8245,32772
instructions_T30_idx399_x0_2_x1_5_x2_1_x7_1.qasm,3694,236591,114379,528,111331,7076,3277,18780
instructions_T30_idx400_x0_2_x1_5_x3_3.qasm,720,61492,30077,88,29438,1368,521,14221
instructions_T30_idx401_x0_2_x1_5_x3_1_x6_1.qasm,4318,275950,133389,616,129840,8276,3829,21892
instructions_T30_idx402_x0_2_x1_5_x4_1_x5_1.qasm,4652,298393,144255,660,140453,8920,4105,24257
instructions_T30_idx403_x0_2_x1_5_x9_1.qasm,1544,101813,49297,220,48007,2944,1345,13497
instructions_T30_idx404_x0_2_x1_4_x2_5.qasm,636,61222,30068,66,29490,1212,386,15301
instructions_T30_idx405_x0_2_x1_4_x2_3_x4_1.qasm,2358,167384,81262,330,79242,4512,2038,15414
instructions_T30_idx406_x0_2_x1_4_x2_2_x3_2.qasm,2006,152944,74468,264,72740,3844,1628,15677
instructions_T30_idx407_x0_2_x1_4_x2_2_x6_1.qasm,3238,213372,103274,462,100572,6200,2864,16487
instructions_T30_idx408_x0_2_x1_4_x2_1_x3_1_x5_1.qasm,11424,709738,342696,1584,333598,21960,9900,33639
instructions_T30_idx409_x0_2_x1_4_x2_1_x4_2.qasm,2416,173082,84072,330,82012,4628,2040,16437
instructions_T30_idx410_x0_2_x1_4_x2_1_x8_1.qasm,4166,260033,125586,594,122179,7984,3690,18031
instructions_T30_idx411_x0_2_x1_4_x3_2_x4_1.qasm,3100,209927,101712,440,99113,5936,2726,18067
instructions_T30_idx412_x0_2_x1_4_x3_1_x7_1.qasm,4946,308011,148734,704,144709,9484,4380,21522
instructions_T30_idx413_x0_2_x1_4_x4_1_x6_1.qasm,5432,339011,163714,770,159313,10420,4794,24266
instructions_T30_idx414_x0_2_x1_4_x5_2.qasm,954,70292,34188,132,33366,1812,794,11952
instructions_T30_idx415_x0_2_x1_4_x10_1.qasm,1692,107869,52156,242,50761,3228,1482,12349
instructions_T30_idx416_x0_2_x1_3_x2_4_x3_1.qasm,1938,144663,70367,264,68699,3708,1625,14962
instructions_T30_idx417_x0_2_x1_3_x2_3_x5_1.qasm,2794,190320,92241,396,89884,5348,2451,14304
instructions_T30_idx418_x0_2_x1_3_x2_2_x3_1_x4_1.qasm,9528,608483,294127,1320,286479,18312,8245,29728
instructions_T30_idx419_x0_2_x1_3_x2_2_x7_1.qasm,3698,236647,114403,528,111355,7084,3277,15736
instructions_T30_idx420_x0_2_x1_3_x2_1_x3_3.qasm,2078,161280,78593,264,76804,3988,1631,15650
instructions_T30_idx421_x0_2_x1_3_x2_1_x3_1_x6_1.qasm,13372,811679,391553,1848,381011,25712,11555,34500
instructions_T30_idx422_x0_2_x1_3_x2_1_x4_1_x5_1.qasm,14424,879693,424433,1980,413153,27744,12383,39274
instructions_T30_idx423_x0_2_x1_3_x2_1_x9_1.qasm,4650,283651,136859,660,133113,8916,4103,17280
instructions_T30_idx424_x0_2_x1_3_x3_2_x5_1.qasm,3696,241538,116857,528,113796,7080,3277,17694
instructions_T30_idx425_x0_2_x1_3_x3_1_x4_2.qasm,3224,223878,108611,440,105912,6184,2731,18050
instructions_T30_idx426_x0_2_x1_3_x3_1_x8_1.qasm,5590,340280,164167,792,159666,10724,4931,21149
instructions_T30_idx427_x0_2_x1_3_x4_1_x7_1.qasm,6232,379898,183283,880,178292,11960,5483,24271
instructions_T30_idx428_x0_2_x1_3_x5_1_x6_1.qasm,6576,402485,194211,924,188967,12624,5759,26640
instructions_T30_idx429_x0_2_x1_3_x11_1.qasm,1844,113979,55037,264,53539,3520,1619,11200
instructions_T30_idx430_x0_2_x1_2_x2_6.qasm,640,61278,30092,66,29514,1220,386,13737
instructions_T30_idx431_x0_2_x1_2_x2_4_x4_1.qasm,2362,167440,81286,330,79266,4520,2038,13850
instructions_T30_idx432_x0_2_x1_2_x2_3_x3_2.qasm,2010,153000,74492,264,72764,3852,1628,13455
instructions_T30_idx433_x0_2_x1_2_x2_3_x6_1.qasm,3242,213428,103298,462,100596,6208,2864,13443
instructions_T30_idx434_x0_2_x1_2_x2_2_x3_1_x5_1.qasm,11428,709794,342720,1584,333622,21968,9900,30595
instructions_T30_idx435_x0_2_x1_2_x2_2_x4_2.qasm,2420,173138,84096,330,82036,4636,2040,13393
instructions_T30_idx436_x0_2_x1_2_x2_2_x8_1.qasm,4170,260090,125610,594,122204,7992,3690,14987
instructions_T30_idx437_x0_2_x1_2_x2_1_x3_2_x4_1.qasm,9600,616820,298252,1320,290544,18456,8248,28221
instructions_T30_idx438_x0_2_x1_2_x2_1_x3_1_x7_1.qasm,15368,914316,440722,2112,428712,29560,13210,35367
instructions_T30_idx439_x0_2_x1_2_x2_1_x4_1_x6_1.qasm,16896,1008278,486064,2310,472944,32508,14452,40919
instructions_T30_idx440_x0_2_x1_2_x2_1_x5_2.qasm,2842,193436,93760,396,91384,5444,2452,14157
instructions_T30_idx441_x0_2_x1_2_x2_1_x10_1.qasm,5146,307432,148210,726,144108,9872,4516,16531
instructions_T30_idx442_x0_2_x1_2_x3_4.qasm,710,58909,28786,88,28167,1348,520,11130
instructions_T30_idx443_x0_2_x1_2_x3_2_x6_1.qasm,4308,273367,132098,616,128569,8256,3828,17321
instructions_T30_idx444_x0_2_x1_2_x3_1_x4_1_x5_1.qasm,19492,1170523,564460,2640,549381,37520,16522,53551
instructions_T30_idx445_x0_2_x1_2_x3_1_x9_1.qasm,6250,372797,179704,880,174735,11996,5482,20779
instructions_T30_idx446_x0_2_x1_2_x4_3.qasm,816,61933,30160,110,29459,1548,656,10014
instructions_T30_idx447_x0_2_x1_2_x4_1_x8_1.qasm,7052,421065,202982,990,197381,13540,6172,24280
instructions_T30_idx448_x0_2_x1_2_x5_1_x7_1.qasm,7552,452274,218048,1056,212080,14504,6586,27028
instructions_T30_idx449_x0_2_x1_2_x6_2.qasm,1072,73486,35636,154,34730,2036,930,9273
instructions_T30_idx450_x0_2_x1_2_x12_1.qasm,2000,120150,57944,286,56344,3820,1756,10052
instructions_T30_idx451_x0_2_x1_1_x2_5_x3_1.qasm,1942,144719,70391,264,68723,3716,1625,13398
instructions_T30_idx452_x0_2_x1_1_x2_4_x5_1.qasm,2798,190377,92265,396,89909,5356,2451,12740
instructions_T30_idx453_x0_2_x1_1_x2_3_x3_1_x4_1.qasm,9532,608538,294151,1320,286502,18320,8245,26684
instructions_T30_idx454_x0_2_x1_1_x2_3_x7_1.qasm,3702,236703,114427,528,111379,7092,3277,12692
instructions_T30_idx455_x0_2_x1_1_x2_2_x3_3.qasm,2082,161337,78617,264,76829,3996,1631,12606
instructions_T30_idx456_x0_2_x1_1_x2_2_x3_1_x6_1.qasm,13376,811735,391577,1848,381035,25720,11555,31456
instructions_T30_idx457_x0_2_x1_1_x2_2_x4_1_x5_1.qasm,14428,879749,424457,1980,413177,27752,12383,36230
instructions_T30_idx458_x0_2_x1_1_x2_2_x9_1.qasm,4654,283707,136883,660,133137,8924,4103,14236
instructions_T30_idx459_x0_2_x1_1_x2_1_x3_2_x5_1.qasm,11500,718131,346845,1584,337687,22112,9903,29088
instructions_T30_idx460_x0_2_x1_1_x2_1_x3_1_x4_2.qasm,10034,664427,321783,1320,313735,19324,8265,28264
instructions_T30_idx461_x0_2_x1_1_x2_1_x3_1_x8_1.qasm,17412,1017601,490179,2376,476677,33504,14865,36234
instructions_T30_idx462_x0_2_x1_1_x2_1_x4_1_x7_1.qasm,19428,1137703,548055,2640,533095,37392,16521,42564
instructions_T30_idx463_x0_2_x1_1_x2_1_x5_1_x6_1.qasm,20510,1206200,581175,2772,565420,39484,17349,47340
instructions_T30_idx464_x0_2_x1_1_x2_1_x11_1.qasm,5654,331383,159633,792,155177,10852,4929,15782
instructions_T30_idx465_x0_2_x1_1_x3_3_x4_1.qasm,3090,207344,100421,440,97842,5916,2725,13496
instructions_T30_idx466_x0_2_x1_1_x3_2_x7_1.qasm,4936,305428,147443,704,143438,9464,4379,16951
instructions_T30_idx467_x0_2_x1_1_x3_1_x4_1_x6_1.qasm,22840,1343512,647357,3080,629818,43976,19281,56732
instructions_T30_idx468_x0_2_x1_1_x3_1_x5_2.qasm,3812,252934,122477,528,119336,7312,3281,16150
instructions_T30_idx469_x0_2_x1_1_x3_1_x10_1.qasm,6926,405524,195337,968,189886,13300,6033,20409
instructions_T30_idx470_x0_2_x1_1_x4_2_x5_1.qasm,4628,293172,141649,660,137888,8872,4103,18159
instructions_T30_idx471_x0_2_x1_1_x4_1_x9_1.qasm,7892,462531,222801,1100,216609,15160,6861,24289
instructions_T30_idx472_x0_2_x1_1_x5_1_x8_1.qasm,8552,502387,242029,1188,235325,16432,7413,27416
instructions_T30_idx473_x0_2_x1_1_x6_1_x7_1.qasm,8906,525117,253009,1232,246071,17116,7689,29782
instructions_T30_idx474_x0_2_x1_1_x13_1.qasm,2160,126374,60875,308,59170,4128,1893,8904
instructions_T30_idx475_x0_2_x2_7.qasm,318,30015,14744,33,14470,594,174,11371
instructions_T30_idx476_x0_2_x2_5_x4_1.qasm,1154,82744,40188,165,39197,2194,1000,11232
instructions_T30_idx477_x0_2_x2_4_x3_2.qasm,982,75582,36818,132,35969,1868,795,10878
instructions_T30_idx478_x0_2_x2_4_x6_1.qasm,1583,105586,51131,231,49795,3016,1413,10464
instructions_T30_idx479_x0_2_x2_3_x3_1_x5_1.qasm,5563,352176,170152,792,165631,10670,4931,25233
instructions_T30_idx480_x0_2_x2_3_x4_2.qasm,1182,85579,41587,165,40576,2250,1001,9752
instructions_T30_idx481_x0_2_x2_3_x8_1.qasm,2036,128761,62218,297,60534,3886,1826,10659
instructions_T30_idx482_x0_2_x2_2_x3_2_x4_1.qasm,4671,306009,148062,660,144224,8958,4105,23085
instructions_T30_idx483_x0_2_x2_2_x3_1_x7_1.qasm,7486,453779,218871,1056,212894,14372,6586,29535
instructions_T30_idx484_x0_2_x2_2_x4_1_x6_1.qasm,8229,500474,241425,1155,234883,15804,7207,34883
instructions_T30_idx485_x0_2_x2_2_x5_2.qasm,1388,95664,46395,198,45220,2644,1207,9993
instructions_T30_idx486_x0_2_x2_2_x10_1.qasm,2513,152278,73452,363,71420,4804,2239,12093
instructions_T30_idx487_x0_2_x2_1_x3_4.qasm,1049,83850,40913,132,40005,2002,798,11535
instructions_T30_idx488_x0_2_x2_1_x3_2_x6_1.qasm,6546,406949,196493,924,191208,12564,5760,27387
instructions_T30_idx489_x0_2_x2_1_x3_1_x4_1_x5_1.qasm,29728,1758415,847520,3960,824862,57272,24801,97210
instructions_T30_idx490_x0_2_x2_1_x3_1_x9_1.qasm,9505,556738,268178,1320,260733,18266,8241,33843
instructions_T30_idx491_x0_2_x2_1_x4_3.qasm,1210,88414,42986,165,41955,2306,1002,10763
instructions_addseq_001.qasm,64,1553,736,16,735,60,6,272
instructions_addseq_002.qasm,80,3090,1472,16,1453,120,29,391
instructions_addseq_003.qasm,96,4627,2208,16,2171,180,52,510
instructions_addseq_004.qasm,112,6164,2944,16,2889,240,75,629
instructions_addseq_005.qasm,128,7701,3680,16,3607,300,98,748
instructions_addseq_006.qasm,144,9238,4416,16,4325,360,121,867
instructions_addseq_007.qasm,160,10775,5152,16,5043,420,144,986
instructions_addseq_008.qasm,176,12312,5888,16,5761,480,167,1105
instructions_addseq_009.qasm,192,13849,6624,16,6479,540,190,1224
instructions_addseq_010.qasm,208,15386,7360,16,7197,600,213,1343
instructions_addseq_011.qasm,224,16923,8096,16,7915,660,236,1462
instructions_addseq_012.qasm,240,18460,8832,16,8633,720,259,1581
instructions_addseq_013.qasm,256,19997,9568,16,9351,780,282,1700
instructions_addseq_014.qasm,272,21534,10304,16,10069,840,305,1819
instructions_addseq_015.qasm,288,23071,11040,16,10787,900,328,1938
instructions_addseq_016.qasm,304,24608,11776,16,11505,960,351,2057
instructions_addseq_017.qasm,320,26145,12512,16,12223,1020,374,2176
instructions_addseq_018.qasm,336,27682,13248,16,12941,1080,397,2295
instructions_addseq_019.qasm,352,29219,13984,16,13659,1140,420,2414
instructions_addseq_020.qasm,368,30756,14720,16,14377,1200,443,2533
instructions_addseq_021.qasm,384,32293,15456,16,15095,1260,466,2652
instructions_addseq_022.qasm,400,33830,16192,16,15813,1320,489,2771
instructions_addseq_023.qasm,416,35367,16928,16,16531,1380,512,2890
instructions_addseq_024.qasm,432,36904,17664,16,17249,1440,535,3009
instructions_addseq_025.qasm,448,38441,18400,16,17967,1500,558,3128
instructions_addseq_026.qasm,464,39978,19136,16,18685,1560,581,3247
instructions_addseq_027.qasm,480,41515,19872,16,19403,1620,604,3366
instructions_addseq_028.qasm,496,43052,20608,16,20121,1680,627,3485
instructions_addseq_029.qasm,512,44589,21344,16,20839,1740,650,3604
instructions_addseq_030.qasm,528,46126,22080,16,21557,1800,673,3723
